page_id,degree_centrality,eigenvector_centrality,closeness_centrality,unweighted_eigenvector_centrality_x,unweighted_eigenvector_centrality_y
15704546335,0.07332,0.6281381822100399,0.3582805445044876,0.4657348773649164,0.4657348773649165
346937065399354,0.07291,0.0106446879994445,0.358165217981743,0.1191938336862624,0.11919383368626378
199098633470668,0.04428,0.0076404736705627,0.3490167237800976,0.0547072274073223,0.054707227407322596
153080620724,0.04272,0.2858740320830427,0.3462778411484191,0.2380601061544781,0.23806010615447815
114517875225866,0.04069,0.0028022709611082,0.3482137859093256,0.0559169681343261,0.05591696813432659
354522044588660,0.03883,0.0047153128629075,0.3479312774185073,0.0617057228681577,0.06170572286815799
205344452828349,0.03795,0.0042129729751961,0.3476198729982515,0.0486544653467838,0.0486544653467842
341163402640457,0.03663,0.0095249450742741,0.3475934586718317,0.0676888133201516,0.06768881332015193
18468761129,0.03369,0.004699790789287,0.3458357020167956,0.048727875214121,0.04872787521412119
339226922847416,0.03275,0.0480063371062011,0.3442682763417144,0.2002489503956782,0.2002489503956783
179035672287016,0.03152,0.0807944450688682,0.3374867363891025,0.2134815630934807,0.2134815630934806
86680728811,0.03098,0.0229096545416701,0.3460973584752021,0.0838104342907723,0.08381043429077269
129255907131113,0.02819,0.055687999521552,0.3419208789214826,0.1893569119928592,0.18935691199285906
10643211755,0.02779,0.0017250220527726,0.3425524562342248,0.031421510294736,0.03142151029473617
21785951839,0.02761,0.004167950649205,0.3386220506474181,0.0159941017294471,0.015994101729447298
868219436604578,0.02665,0.0165009377424798,0.3418555783521485,0.1116169719411574,0.11161697194115734
799539910084929,0.02603,0.0018642843031568,0.3368571458975877,0.027253516736275,0.027253516736275248
160389977329803,0.02483,0.0023497204311397,0.3430634026385106,0.0383075194300646,0.03830751943006484
95475020353,0.02409,0.4164528722840696,0.3406703232428634,0.1817018700192986,0.18170187001929888
22067606728,0.0238,0.2104467728540767,0.3402142625183426,0.1640116810932027,0.164011681093203
5550296508,0.02308,0.0093976201654098,0.3434612236739602,0.0444552020897187,0.04445520208971894
21898300328,0.02149,0.0019284378112133,0.3405857753278134,0.0247808906053013,0.02478089060530139
997108126967413,0.0213,0.0081438601349036,0.3426550941014189,0.0425065331385878,0.042506533138587856
519305544814653,0.02076,0.0738466786590962,0.3377331366872033,0.1432709247893074,0.1432709247893073
226821494115353,0.01949,0.1535347558299427,0.3364937186399489,0.140747762431553,0.140747762431553
107705785934333,0.01933,0.2024011888986576,0.3373429384982848,0.1426825697193953,0.14268256971939522
184859785026060,0.0189,0.0460055410254237,0.3355995143996839,0.1208633994042371,0.1208633994042372
407570359384477,0.01854,0.0014282546803897,0.3402170739624943,0.0250791332370145,0.025079133237014592
12566691349,0.0183699999999999,0.0150669193603337,0.3408875218177849,0.0391249068697432,0.03912490686974318
62507427296,0.01824,0.0007808564570305,0.3369067649928062,0.0206074743493939,0.020607474349394195
112723252096438,0.01745,0.1570653226904039,0.3313321199362477,0.1509943656768756,0.15099436567687544
59306617060,0.017,0.0095247548795553,0.3411615301261517,0.0417791669127087,0.04177916691270892
5281959998,0.01694,0.0018553637697922,0.3403408235233591,0.0208588064655669,0.020858806465567162
221573484697614,0.0169099999999999,0.0672284392888687,0.3328375236268553,0.1239939594197943,0.12399395941979424
721683147909323,0.01677,0.0421884845570128,0.3323994964231867,0.102335308050482,0.10233530805048201
133961323610549,0.01649,0.2159505701844121,0.3307704340424004,0.1150601776361537,0.11506017763615359
189885532970,0.01646,0.0469451702626494,0.3377885570598941,0.1184931015020977,0.1184931015020977
165297924363,0.01624,0.0048441858915394,0.3388729014098915,0.0407919057553512,0.04079190575535125
513813158657249,0.01618,0.0467553442707837,0.3303696369188792,0.0975406890903154,0.09754068909031541
177486166274,0.01611,0.0021422614988714,0.3355366058161951,0.0225677779812087,0.02256777798120873
440106476051475,0.01541,0.0672672101665874,0.3317486229093463,0.1230895415555577,0.12308954155555753
889307941125736,0.01539,0.002280352444092,0.3375946652841802,0.0176570954801416,0.017657095480141757
20950654496,0.01514,0.0012892053609865,0.3351651061284771,0.0116799049293101,0.011679904929310378
34226391050,0.01495,0.0321071579605565,0.3402648756233882,0.0897648129215573,0.08976481292155732
295199098300,0.0147599999999999,0.0021396345894876,0.3384911983617062,0.0204232427187569,0.020423242718757114
182919686769,0.01456,0.0759652299189538,0.3367111300660292,0.1134643751970784,0.11346437519707828
131201286936061,0.01448,0.025890835505766,0.3274346995354371,0.0774181181047762,0.07741811810477636
138691142964027,0.0144599999999999,0.0329314564194513,0.3345060854731685,0.0873107888132787,0.08731078881327856
228735667216,0.0144,0.003513995945069,0.3398379488197119,0.0198723733488208,0.0198723733488209
164305410295882,0.01404,0.0059263872320314,0.3395800658108128,0.0237728949841782,0.02377289498417828
123624513983,0.01398,0.0809046384260327,0.3359993979306079,0.1191172413311144,0.11911724133111423
7331091005,0.01374,0.0055847654171398,0.339742598613944,0.0241351936306886,0.024135193630688872
157750900979288,0.01366,0.0007248768686051,0.3359363393544679,0.0137830324201408,0.013783032420141028
9124187907,0.01328,0.0007912765460422,0.3335061887937464,0.0142655705079812,0.01426557050798141
142125212473533,0.01311,0.035632331771324,0.3280112356737596,0.0978156919492341,0.09781569194923415
216709768355686,0.01262,0.0547748858870408,0.3314601632650075,0.1038993065942048,0.10389930659420481
150354326163,0.01248,0.0138975290822753,0.3375393085109794,0.0654483760963001,0.06544837609630012
69813760388,0.01242,0.1004402488448596,0.3300174206014278,0.1072846625113819,0.10728466251138181
389658314427637,0.0123299999999999,0.0765563387471559,0.3273617988568804,0.1020879128209036,0.1020879128209036
169676909894983,0.0123299999999999,0.0422960081756784,0.3343105131506955,0.0539473067956227,0.053947306795622735
155869377766434,0.01232,0.0066265744690986,0.3403942886685415,0.0293888324394524,0.02938883243945256
158924294183807,0.01142,0.0581267124653602,0.3279955562979332,0.074903709024867,0.07490370902486697
142474049098533,0.01141,0.0005342501154073,0.3309911542024338,0.012813597389102,0.012813597389102148
43179984254,0.01135,0.0021071015290967,0.3345876414911308,0.0162044737589357,0.016204473758935804
219856014723410,0.01105,0.0016566983994924,0.33568707863636,0.013383496167767,0.013383496167767185
307188559330028,0.01102,0.0320792440354608,0.3298508432880932,0.0506102081892665,0.05061020818926661
31732483895,0.01091,0.0007444965206137,0.3363068044089972,0.0131951966605768,0.01319519666057696
114364638621903,0.01084,0.0287537397095661,0.3287551114452938,0.0790321724889053,0.07903217248890534
174742062548592,0.01081,0.0007386958368816,0.3361585203801572,0.0155651017558404,0.015565101755840551
122560544447547,0.01017,0.0086098755407258,0.3373595243084055,0.0146399438322246,0.01463994383222475
22156858944,0.01011,0.0034349862868493,0.3365019696414562,0.0126132862445157,0.012613286244515853
92925746942,0.01007,0.0752031677063177,0.3299962586015255,0.0879540206669958,0.0879540206669958
15779440092,0.00987,0.0228176510656085,0.3287787401323139,0.0754862911239709,0.07548629112397093
124955570892789,0.00985,0.0005364338665563,0.3301073893890417,0.0101420392546962,0.01014203925469632
133279166727577,0.00982,0.0684996859777173,0.325436544594455,0.0777169687127631,0.07771696871276305
49651563727,0.0098,0.0065661673983283,0.3314468208009534,0.044073887737583,0.04407388773758311
12795435237,0.00967,0.057856759265164,0.3332227569191417,0.0661009342984939,0.06610093429849395
7976226799,0.00958,0.0004797249695394,0.3271328936217053,0.0113335015602,0.01133350156020018
1425604894326440,0.0095599999999999,0.0036311868441452,0.337672195277643,0.0200127621592484,0.020012762159248545
21124264380,0.00943,0.0005949301322906,0.3310363982964739,0.0082813740927298,0.008281374092729922
6250307292,0.00943,0.0014192197318699,0.3358924864768552,0.0135350477464555,0.013535047746455578
475549362567960,0.0094,0.0306041639199188,0.3258022484854403,0.0837796199652697,0.08377961996526968
289079127883350,0.00935,0.0346689287977842,0.3246743049579737,0.0809699383139434,0.08096993831394338
111938618893743,0.0093099999999999,0.0497955825600495,0.3318850145607437,0.070035964285673,0.07003596428567299
228702593913193,0.00904,0.0850009363702607,0.3182295809257713,0.0813611769365512,0.08136117693655123
235203259169,0.0090099999999999,0.0597067647342363,0.3260938541620371,0.0714349694730818,0.07143496947308178
13312631635,0.00899,0.0015961628572074,0.3328725080246152,0.0088946916064037,0.008894691606403826
24718773587,0.00895,0.0162127214391389,0.3251050315964988,0.0605633902997949,0.060563390299794996
114270361928171,0.00881,0.0018885564680587,0.3284692112059616,0.0144662966253984,0.01446629662539851
133352176797969,0.0087599999999999,0.0623990564295112,0.3289416078711268,0.0557861324942185,0.0557861324942185
292351509697,0.00869,0.0393321186196888,0.3248690160283949,0.0513655206431003,0.05136552064310031
6622931938,0.00862,0.0003537845111384,0.3311695408794361,0.0102410355548785,0.010241035554878536
197535293612901,0.00851,0.005450357618002,0.3344245692042128,0.0101169667230709,0.010116966723070999
532854420074062,0.00842,0.0399127398496529,0.3360323074559832,0.0512759536759096,0.05127595367590968
166618413413767,0.0084,0.023994767666493,0.3234092689188757,0.0753120642934439,0.07531206429344393
89033370735,0.00821,0.0018513262381571,0.3348979173834293,0.0130439145670394,0.013043914567039572
19013582168,0.00813,0.0009561184425675,0.3342019606435538,0.0110911600941305,0.011091160094130527
908009612563863,0.0081,0.0014827135449349,0.3364167288001342,0.0143124221295241,0.014312422129524199
223649167822693,0.00808,0.000473096828223,0.3299671652826886,0.0095142571882471,0.009514257188247183
68771922854,0.00799,0.0016809457445022,0.3294970946096434,0.0083742244717141,0.008374224471714195
146422995398181,0.00789,0.0016814253083478,0.3350559980202436,0.0150449380449848,0.015044938044984907
15139936162,0.00788,0.0431859898806108,0.3263368268136133,0.0577294177724706,0.057729417772470655
169204449790211,0.00785,0.1041963057011099,0.3216833413063381,0.0767743931271191,0.07677439312711908
39795225543,0.00782,0.0089804254174464,0.3354463868586175,0.0105763292504421,0.010576329250442168
591402597574018,0.0078,0.0352557978581371,0.320833517600234,0.0695281005293666,0.06952810052936656
6934857868,0.0077599999999999,0.032606375420804,0.3202794246985528,0.0594870591782048,0.05948705917820492
39442131319,0.00775,0.0060559380803874,0.3359445630438184,0.0238317043181371,0.023831704318137154
5633824547,0.00756,0.0239783531656981,0.3218241586281061,0.0565862329142474,0.05658623291424739
25987609066,0.00755,0.0010203174309688,0.3235109223966652,0.0116631826011542,0.011663182601154305
610045389164725,0.00754,0.0033734964344908,0.332319003513203,0.0116235349500824,0.011623534950082592
8719774366,0.0073599999999999,0.0018150352058767,0.3258202974001418,0.0070791838323027,0.007079183832302825
95926963131,0.0073,0.0040739230470848,0.3353671435741825,0.0142492383979376,0.01424923839793765
271042954725,0.0072,0.0603617865260486,0.3207935188759203,0.0586350458625586,0.05863504586255872
208421665712,0.00707,0.0027289360618361,0.3363754987334879,0.0142065557413339,0.014206555741333947
43279570822,0.00704,0.0152671555485432,0.3340907674602139,0.0203185848817308,0.020318584881730873
186219261412563,0.00699,0.0008339870486619,0.3341449987926128,0.0103772771430901,0.010377277143090176
338028696036,0.0069,0.0036036410005476,0.337774700261626,0.0155111044233928,0.015511104423392834
238680483163972,0.00678,0.0323702043680679,0.3116530715301372,0.0602615178344819,0.060261517834481915
10513336322,0.00671,0.0005732531789968,0.3260757749279329,0.0061342575293074,0.006134257529307455
38423635680,0.00646,0.000438424074625,0.3245975095596859,0.0071888176923646,0.007188817692364723
6363207806,0.00629,0.0019488238655529,0.329094114162121,0.0075306238018519,0.007530623801852003
253968658003230,0.00625,0.0003484314434127,0.3261351856548944,0.0062878815832903,0.006287881583290429
195530355493,0.00622,0.0265944351161519,0.3256579291233496,0.0384895124732024,0.0384895124732024
139398939438430,0.00621,0.0003442559189381,0.3248741431577577,0.0083243442870267,0.008324344287026782
180213475460766,0.00616,0.0011025799741409,0.3252976894745077,0.0109457195875497,0.010945719587549769
253546571389025,0.00615,0.0022488446606455,0.3289915512587026,0.0112934385659146,0.011293438565914707
159207208524,0.0060799999999999,0.0032510838815402,0.3349006416478968,0.0188851483375589,0.018885148337558954
304981108326,0.0059299999999999,0.0004574295293964,0.3285688263713107,0.0081466838567055,0.008146683856705627
325935647511804,0.00586,0.0279520721636769,0.3173783094064333,0.0498973965618433,0.04989739656184336
86973707921,0.00584,0.0005477578429487,0.3337765725441011,0.0079442024916287,0.0079442024916288
129930197818,0.00583,0.0012852842839741,0.3323619282132422,0.0085071987264825,0.008507198726482604
156720204453023,0.0057399999999999,0.0013362471084733,0.333390058416277,0.0075644910942298,0.007564491094229837
190759221080032,0.0057399999999999,0.0014584519107449,0.3335386117118806,0.0080729591274161,0.008072959127416157
413605605357873,0.00573,0.0325059035567351,0.3187420457694196,0.0456666018800834,0.04566660188008352
56845382910,0.00573,0.0022536214689611,0.3334980840491251,0.0108889763972239,0.010888976397224016
38245492451,0.00572,0.0020931612132419,0.3338117546367617,0.0090065030125268,0.009006503012526907
131929868907,0.00569,0.0008982473100995,0.3338144612587897,0.007746343340118,0.007746343340118086
114288853688,0.00569,0.0043048209910926,0.3357144518319906,0.0136877183893011,0.013687718389301173
369527829841639,0.00567,0.0007834917214268,0.328960006302269,0.0102205904577244,0.010220590457724483
153213781413350,0.00566,0.0005742859695752,0.3296210842129409,0.0076002391975079,0.007600239197507989
44473416732,0.00562,0.0308829131061444,0.3183526190829709,0.0479498075832177,0.04794980758321779
10664530778,0.0056,0.0005766783524471,0.3306535451125682,0.0064684834549176,0.0064684834549176284
20980557060,0.0055899999999999,0.0010725845872225,0.3353944646151211,0.0132505064974968,0.01325050649749693
36400348187,0.00556,0.0118112925208094,0.3218191273151676,0.0291654939082994,0.029165493908299412
240944029279128,0.00552,0.0005277247345592,0.3263549350080929,0.0052561234631412,0.005256123463141253
10606591490,0.00552,0.00191552259734,0.3351432788223817,0.0091865290718697,0.009186529071869762
158352134203230,0.00551,0.0016953749512301,0.3334413618645773,0.0083516592998674,0.008351659299867415
254541051349349,0.00546,0.0272082134229364,0.3172486888780543,0.0420976545346351,0.0420976545346351
451075468389015,0.00541,0.03439092725474,0.3158177058729009,0.0429985394044531,0.042998539404453126
20446254070,0.00535,0.0032654171752854,0.3342562280837911,0.0071811468984627,0.007181146898462816
232843448409,0.00533,0.0001534497541618,0.3277605454104859,0.0060651585395639,0.0060651585395639605
18943096862,0.00532,0.0002209788535653,0.3226514279457707,0.0051808679341584,0.005180867934158478
10018702564,0.00526,0.0005957515171587,0.3227804404534657,0.0065630275483778,0.006563027548377882
618786471475708,0.00521,0.0004476463322529,0.3305447002142762,0.0075107191914027,0.007510719191402764
22561081832,0.00515,0.0193161195415161,0.3218241586281061,0.0312031577906741,0.031203157790674136
158671177481084,0.0051,0.01436220267978,0.3160989855826849,0.0411811000841355,0.04118110008413554
529525930430284,0.0050799999999999,0.0093392125864671,0.3108459636205235,0.0361878797061774,0.03618787970617746
134486075205,0.00502,0.0039880315778726,0.3350750868109013,0.0131560235483675,0.013156023548367556
171133359591663,0.00498,0.0006296014383285,0.3225907518559691,0.0053897562536911,0.0053897562536912025
165583971161,0.00495,0.0017996895535539,0.3334440624834546,0.00787430621009,0.00787430621009005
513600888679373,0.00495,0.0457460935995126,0.3163297174284638,0.0489920659301644,0.04899206593016437
9258148868,0.00492,0.0005187881401355,0.3199558435010971,0.0049663350748384,0.004966335074838523
486474041433960,0.00491,0.0110328646343819,0.3075325086275901,0.0384158146822398,0.03841581468223982
33618597905,0.00489,0.0549157193268863,0.3178095082983455,0.0284576201115715,0.02845762011157166
419846804712840,0.00489,0.0062970544785166,0.3225477867645864,0.0195740033458285,0.019574003345828494
273864989376427,0.00489,0.002480748070859,0.3338902644996973,0.0105238818082815,0.010523881808281607
42324160403,0.00487,0.0005892690604279,0.3236813352103184,0.0054716105149057,0.0054716105149057795
108038612554992,0.00485,0.0016845146883518,0.3255214588727158,0.0087558059050599,0.008755805905059949
188355460514,0.00485,0.0134159177344178,0.3241451551544039,0.028412239524496,0.028412239524496112
85452072376,0.00482,0.0397698724845309,0.3237424222880542,0.043630352614496,0.04363035261449605
214832449817,0.0047799999999999,0.002207070736039,0.33421281272188,0.0130687916926125,0.013068791692612606
47016231622,0.00474,0.0003521231026532,0.3149816819394626,0.004991724121837,0.004991724121837036
295732903793433,0.00467,0.00141908546498,0.3197769104841599,0.0060828069520163,0.006082806952016367
31160214090,0.00466,0.0032233041050457,0.3334953825551211,0.0110901399701845,0.011090139970184593
523943624350521,0.00463,0.0124021734144767,0.3214974501781512,0.0328611221084362,0.03286112210843628
200137333331078,0.00463,0.0006264204657742,0.3214121127541732,0.0070068604510084,0.007006860451008516
211482380627,0.00456,0.001249270038656,0.3328913488236237,0.0081705910932671,0.008170591093267156
217940775059524,0.00454,0.0124644811637626,0.3231452686051672,0.021235353621804,0.02123535362180406
467133963318685,0.00451,0.0437871931468444,0.3202420550079413,0.04336476938651,0.04336476938651003
131004177063779,0.00449,0.0201427677694111,0.3204589206846532,0.036482624701151,0.036482624701151045
311190048935167,0.00445,0.0411662316892302,0.3212741627972767,0.0408609853152661,0.040860985315266156
219367258105115,0.00443,0.0052949049537485,0.3361228419003092,0.0183132932706934,0.018313293270693462
163513530519501,0.00443,0.0002174106947881,0.3209310562916877,0.0048355992433769,0.004835599243377
108924385822784,0.00439,0.0034787687848283,0.333257822351419,0.0129765202596325,0.012976520259632524
152308008195941,0.00439,0.0008190733607146,0.3290125845909177,0.0082570997742163,0.00825709977421641
184749301592842,0.0043799999999999,0.0002039941351162,0.315669992284483,0.0048567701392019,0.004856770139201977
545775132233909,0.00435,0.0002555545521251,0.322388662937205,0.0055355403737856,0.005535540373785699
136264019722601,0.0043,0.0215228832481156,0.3031127767193337,0.031479844103967,0.03147984410396703
72391084613,0.0042899999999999,0.0007378748159686,0.3316256991090166,0.0059895738726325,0.005989573872632563
380516878697366,0.00428,0.0006317700303108,0.323719511932051,0.0063677358270926,0.006367735827092711
762592150466931,0.00427,0.0007331766460977,0.3219499926001917,0.008038192846482,0.008038192846482092
5863113009,0.00425,0.0011583094296649,0.330908682096849,0.0063413677167044,0.006341367716704486
18793419640,0.00422,0.0017466741812413,0.3310230899260556,0.0066155387146985,0.006615538714698589
7533944086,0.0042,0.0128145770763199,0.3360131094494442,0.0158870048878547,0.01588700488785479
128472013912354,0.00419,0.0037293074704518,0.3281079582928948,0.0046032499740857,0.004603249974085734
13652355666,0.00419,0.0076195614895568,0.3359966557611241,0.0139444204768223,0.013944420476822327
20324257234,0.00418,0.0008686641190542,0.3280164624654985,0.0068585074972583,0.006858507497258376
120745732681,0.00416,0.0086129455944218,0.3243213466733765,0.023440817969114,0.02344081796911407
49867377595,0.00415,0.018089606584856,0.3161912379180482,0.0290316072988997,0.02903160729889975
29259828486,0.00413,0.0001892095164287,0.3256218692582992,0.0043145753786255,0.0043145753786255625
353026650079,0.0041,0.0001504001594906,0.3146398534839292,0.0041595841341284,0.004159584134128493
5978057725,0.00409,0.0013733046613756,0.3251974788900305,0.0057616113245359,0.005761611324535897
7040724713,0.00409,0.0007034108838683,0.3323994964231867,0.0066678452131413,0.006667845213141394
24085780715,0.00406,0.0002004762731658,0.3222347401937049,0.0045793394927649,0.004579339492765004
167423346623633,0.00405,0.0001261426335761,0.3113254882485957,0.0036280507144723,0.0036280507144723904
115099421882868,0.00403,0.0004970716748764,0.3267771662167947,0.0052722380596047,0.005272238059604778
174725429795,0.00402,0.0004333547366562,0.3164221045091551,0.002754359305784,0.0027543593057840644
236963176319804,0.00401,0.0016122621936151,0.3269432491055158,0.0046195170979759,0.004619517097975994
7938522410,0.00396,0.0016146614542644,0.332319003513203,0.00697217256613,0.006972172566130116
36019593759,0.0039299999999999,0.0158109527404544,0.3248049405632112,0.0325130225600489,0.03251302256004897
9335481377,0.0039299999999999,0.0012966431742042,0.3287761145549161,0.0072085187885055,0.00720851878850553
117753738569185,0.00392,0.000104743854532,0.3200652900675072,0.0040384344035834,0.00403843440358344
109200595768753,0.0039,0.000215025751311,0.3222347401937049,0.0044903120458095,0.004490312045809572
979613892126968,0.00389,0.0015332474702304,0.3182566411596926,0.0071257358542627,0.007125735854262824
69983322463,0.0038799999999999,0.0069668422510864,0.3097607619432799,0.0198322335156394,0.019832233515639418
131247023568988,0.00384,0.0006142629334776,0.3204539319683703,0.0068019191284328,0.006801919128432898
147772245840,0.00383,0.0232338401874835,0.3099496582314537,0.0269249141824768,0.026924914182476847
18813753280,0.00382,0.0001163734264789,0.3173489520871223,0.0044075066231797,0.004407506623179751
316913578439861,0.0038,0.0210489957837247,0.3134612072433535,0.0328877887775142,0.03288778877751421
114528955231791,0.0038,0.0006535850037101,0.3178634905573899,0.0050533251803533,0.005053325180353333
112779115408517,0.00379,0.0057873105641892,0.3320215184075358,0.0083142462095348,0.008314246209534845
424717587573142,0.00378,0.0008597669627586,0.3141428812344362,0.0031138886244401,0.0031138886244401263
43659862830,0.00377,0.0002323424814487,0.3219097150242463,0.0046373011061563,0.004637301106156376
116548701336,0.00377,0.000919030289732,0.3320349071817926,0.0064305600810314,0.006430560081031501
16307558831,0.00375,0.0101930544033912,0.3145509073170499,0.0261048618271928,0.026104861827192852
273863336077899,0.00375,0.0228487800156486,0.3089170469960826,0.0294573012377656,0.02945730123776568
352587308165634,0.00371,0.0099787984236459,0.3196130642740626,0.02275311412289,0.022753114122890012
131459315949,0.0036899999999999,0.001927200186557,0.3353944646151211,0.0105537963763635,0.010553796376363613
18356341358,0.0036899999999999,0.0059769926775736,0.3325767181547729,0.0148783856820384,0.014878385682038446
42354254341,0.0036799999999999,0.0011072667019188,0.3302265411801288,0.0074204520050698,0.00742045200506988
10505090694,0.0036799999999999,0.0067194095153618,0.3289337234591981,0.0109304728330258,0.010930472833025874
119984188013847,0.00365,0.0206819796191077,0.3160917047962012,0.0419114054904246,0.04191140549042471
183356311699411,0.00365,0.0087233279256478,0.3164002184817681,0.022211283245601,0.022211283245601073
201956993160690,0.00362,0.0105849077675438,0.3174150136946067,0.0343507845012179,0.034350784501217924
8358247707,0.00361,0.0006922952374691,0.3273670049716598,0.0044482668848409,0.004448266884841008
18807449704,0.00358,0.0004644513671456,0.3311482308695263,0.0053551787648705,0.005355178764870606
131149920304237,0.00351,0.0002607898075175,0.3299116377347508,0.0060868140889625,0.006086814088962599
574747565911344,0.0035,0.0242816867791896,0.3146302352570541,0.0353644352192467,0.03536443521924679
184599864915751,0.0035,0.0001066960231576,0.3120948662106017,0.0036001567255329,0.0036001567255329603
135665053303678,0.00349,0.0177014011766941,0.3170507940065723,0.0296482382237416,0.02964823822374161
246976735508369,0.00346,0.004144166928316,0.3236380791429761,0.0064939475359304,0.006493947535930438
59404413854,0.00344,0.0018872617618014,0.328471831883821,0.0099431423176758,0.009943142317675863
62317591679,0.00343,0.001746453792454,0.33496058668157,0.0083034168926666,0.008303416892666726
181135410243,0.00342,0.002647496542585,0.3233711653326088,0.012460708119848,0.012460708119848087
6491828674,0.00339,0.0006090746071182,0.3263238936192483,0.0055596813608857,0.005559681360885762
14516439825,0.00337,0.0005948645483587,0.3312068399970912,0.0055162246947915,0.005516224694791547
468285376597666,0.00335,0.0004014231580493,0.3171973590826775,0.0038298294238136,0.0038298294238136503
140738092630206,0.0033299999999999,0.0124823765849544,0.3207260436393117,0.020810655944645,0.020810655944645054
568982666502934,0.00332,0.0162126150089242,0.3090863502872661,0.0276473550648863,0.02764735506488633
317179665134793,0.0033,0.0002278076404899,0.3193180684844813,0.0034986554043466,0.003498655404346664
47689998796,0.00329,0.0009828979453051,0.3315642713630141,0.007486926903775,0.0074869269037750085
196087640574,0.00329,0.0213110707560442,0.3019788843441885,0.0354257290602019,0.0354257290602019
160288360552,0.00326,0.0007129197283738,0.330547354115306,0.0061694572804791,0.006169457280479119
359591544295,0.00326,0.0093838826467155,0.3048928814507716,0.0303253270320646,0.03032532703206458
26423400230,0.00326,0.0004378130446332,0.3132060437420427,0.0044861884319293,0.0044861884319294335
71196565222,0.00324,0.0006446817813352,0.3257764677900876,0.0042933464989292,0.004293346498929235
210277954204,0.00322,0.0002568234011843,0.317111846324842,0.0044951524075176,0.004495152407517688
93228695778,0.00321,0.0145893428933568,0.3115705216101412,0.0270621110115691,0.027062111011569162
1439042583002670,0.00321,0.0004916925745027,0.3024691944438492,0.0017423368609743,0.0017423368609743868
99881661864,0.0032,0.0003039519386473,0.2980524669150212,0.0012727428784427,0.0012727428784427802
350771908311178,0.00318,0.0061398535806704,0.3197967820467107,0.022086497267436,0.02208649726743613
9034820804,0.00318,0.0010184141400608,0.3281733437124181,0.0062341542025631,0.006234154202563188
6276351475,0.00315,0.0020694558220057,0.3275519293874065,0.0062769935961072,0.006276993596107293
127559550648374,0.00313,0.0003842819851064,0.3299116377347508,0.0043428890054636,0.0043428890054636885
21090771700,0.00313,0.0091309614310402,0.3182935488960839,0.0200613935576226,0.02006139355762266
172530812092,0.00313,0.0042136821165651,0.3272681170978861,0.008508603139011,0.008508603139011112
6499393458,0.00309,0.0332098998363971,0.3255858173781296,0.016553851962173,0.01655385196217301
282024895179874,0.00308,0.0291933537176984,0.317613363642411,0.0384975193143895,0.03849751931438946
235852889908002,0.00301,0.0004912106818783,0.326891330070535,0.0043675307453326,0.004367530745332706
8934429638,0.00301,0.0001146359822633,0.3112172310004303,0.0041053115073693,0.004105311507369335
21516776437,0.003,0.0003566194467698,0.3102229155096124,0.0039457604846995,0.0039457604846995665
210732882417014,0.00299,0.0176393829936653,0.3152421618234532,0.0243768221463491,0.02437682214634918
417576561609357,0.00294,0.0019011784962492,0.3262747568283656,0.0073581473124904,0.007358147312490464
265719336797086,0.00294,0.0006214595714089,0.3153943074722654,0.0043776393766462,0.0043776393766462455
70072372362,0.00294,0.0003279287031543,0.3297346032776439,0.004805333986329,0.004805333986329073
142868065759441,0.00292,0.0096631071793554,0.3129013466039272,0.0230230842621295,0.023023084262129553
423006854503882,0.00291,0.0062006543364423,0.3201299982406266,0.0098203036774079,0.009820303677407992
150799104953073,0.0029,0.0098308553806235,0.3219600635690897,0.0215099071058976,0.021509907105897612
143753582359049,0.0028699999999999,0.0005514613859975,0.3252437222559254,0.0047265766951403,0.004726576695140409
19875021647,0.0028699999999999,9.781864723585804e-05,0.3160553058942084,0.0022420477765401,0.0022420477765401742
444258668967650,0.00286,0.0009543814697372,0.3150106028894966,0.0034740703125716,0.0034740703125716904
143666524748,0.00282,0.0005040666949152,0.3291941087755196,0.004365348058081,0.004365348058081077
168744703121,0.00282,0.0032563104303733,0.3271120999276046,0.0065614892183485,0.006561489218348511
369116414061,0.00281,0.000706313514459,0.3251589527955994,0.0052157424183498,0.005215742418349867
167115176655082,0.0028,0.0002889288634336,0.3289127002084248,0.003919740327107,0.003919740327107103
259955926518,0.00278,0.000444834093552,0.3092465473748375,0.0017208398415265,0.0017208398415265523
55326701544,0.00276,0.0025849998824985,0.3257120338983811,0.0057846056152484,0.0057846056152484615
286683382423,0.0027199999999999,0.0009722605778077,0.3260112225962887,0.0043130049143839,0.004313004914383946
142026122544366,0.0027,0.0045978941088911,0.307810723913095,0.0160162521586898,0.01601625215868981
72924719987,0.0026899999999999,0.000320944205968,0.3207635263771064,0.0026499116468448,0.00264991164684484
279933092023507,0.0026899999999999,0.0001701239461898,0.3069478308070249,0.001805699087542,0.0018056990875421088
17614953850,0.00267,0.0001995252765233,0.3271952905686673,0.0033082816243554,0.003308281624355425
1565918810345070,0.00266,0.0003575136593156,0.3226135027151393,0.0047343086541717,0.004734308654171747
6013004059,0.00265,0.0004712011517833,0.321515025273339,0.0027546370501403,0.0027546370501403327
737151126362683,0.00265,0.0146734703543918,0.3101481306193451,0.0222271388137315,0.02222713881373155
442430012490396,0.00262,0.0028078604174129,0.3304810193716937,0.0087326055048109,0.008732605504810954
12301006942,0.0026,0.0002485708976341,0.3133037675648159,0.0044390529200106,0.004439052920010636
7642602143,0.0026,0.000570742550447,0.3208360178516949,0.0052299036310149,0.005229903631014978
769354053132340,0.00259,0.0112689043743099,0.2968019106471952,0.0301938754198267,0.030193875419826776
6333396177,0.00258,0.0145767024437638,0.3194915294348417,0.0262774960535743,0.026277496053574368
10584534401,0.00258,0.0002617058729573,0.3131965129743776,0.001789699362886,0.001789699362886068
125567187620459,0.00257,0.0027120814636552,0.3155054907423905,0.003481417630419,0.0034814176304190604
89613772643,0.00256,0.0004531921938818,0.3013687791020275,0.0013993168416807,0.0013993168416807054
19182454196,0.00255,0.0070252959041356,0.2993614873513525,0.0214435095987577,0.02144350959875779
34407447433,0.0025399999999999,0.0002414982320479,0.306819728569213,0.0029668618476132,0.0029668618476133
117521968329803,0.00253,0.0001206336300229,0.3177261172260281,0.0035088636978259,0.003508863697825922
37763684202,0.00252,0.0004178021648334,0.3242217366346677,0.0045471169820185,0.004547116982018551
68174059444,0.00252,0.0022062551224239,0.3259131519870997,0.0049447312439396,0.004944731243939682
479687202044787,0.00251,0.0001055423358981,0.3177972421601221,0.0030185523584305,0.0030185523584305303
203055485347,0.0025,0.0007742229207361,0.3272785235343232,0.0072463936938331,0.007246393693833147
731743396857610,0.00249,0.0004608468547645,0.3228766345153767,0.0035562385566095,0.003556238556609544
443476065755081,0.00249,0.0023453412912617,0.3152759592807546,0.0120559047050415,0.012055904705041608
35590531315,0.00248,0.003312249012694,0.3285766932998537,0.0058885802289524,0.005888580228952478
7292655492,0.00248,0.000225012350656,0.3140398423214662,0.00399673880877,0.0039967388087700124
140254320968,0.00247,0.0001448904964731,0.3048116167127928,0.00331285916514,0.0033128591651400336
570092813023833,0.00247,0.0021782750832292,0.309376684529515,0.006804707642693,0.0068047076426930074
630067593722141,0.00246,0.0061644197926172,0.3020874584324587,0.0212721570161086,0.021272157016108656
14425952749,0.00244,0.0007214504325427,0.3247588218768438,0.0037460087609511,0.003746008760951149
451151401602780,0.00244,0.0023003692221585,0.3133466899723217,0.0088589607573657,0.008858960757365789
695526053890545,0.00243,0.0192379877250944,0.3067648603364101,0.0193676308975434,0.01936763089754341
731244080298286,0.00242,0.0009081923357498,0.3238901446280081,0.0060859106192284,0.00608591061922847
49961993286,0.00241,0.0048735832027317,0.3137311307452262,0.0113464966548137,0.011346496654813788
312383761871,0.00241,5.895416828669776e-05,0.3023181603000314,0.0026648602351248,0.0026648602351248317
203805062990264,0.0024,0.0051077132573824,0.3121019640345112,0.0116386003305875,0.011638600330587572
5718758966,0.00238,0.000245820815956,0.3215778091594845,0.0026245144174214,0.0026245144174213988
32616834014,0.00237,0.0024432531831585,0.3295551206818337,0.0061997371215171,0.006199737121517194
109880029049898,0.00237,0.0006108097217098,0.317366076529992,0.0036148835673114,0.003614883567311509
90240021027,0.00235,0.0013221942896649,0.3271224964442147,0.0048935467755847,0.004893546775584816
117383481635060,0.00234,0.0039478989696131,0.3014173202433489,0.0101779612153967,0.010177961215396776
117390398386135,0.00234,0.0003736203989142,0.3269432491055158,0.0052668341366427,0.005266834136642732
367105936678679,0.00233,0.000249061840088,0.3181287605813845,0.0029013426407167,0.002901342640716718
259536274080316,0.00232,0.000842208860522,0.3129346439754973,0.0031355334338835,0.003135533433883526
14827657177,0.00232,0.0005974944541769,0.3284063274802147,0.0049570032443945,0.004957003244394522
118436878597,0.00229,0.0081556787827293,0.3038712046672381,0.0158521249196596,0.01585212491965965
357191544367570,0.00225,7.827518546616636e-05,0.3193601773959936,0.0024896313869899,0.00248963138698997
6521822915,0.00225,0.000151126773353,0.2919070334396059,0.000910475087826,0.000910475087826033
8304333127,0.00221,0.0007561173058876,0.3288155026195798,0.0045387293020151,0.004538729302015118
242181938605,0.00221,0.0022812853290987,0.317561915782422,0.0038678639282022,0.003867863928202206
134193140910,0.0022,0.004335124546483,0.3090654672502556,0.0148697122372967,0.014869712237296688
296856040436954,0.0022,0.0233943559998774,0.2987402229040278,0.0230420032474722,0.023042003247472253
164665060214766,0.00218,0.0002744134664272,0.3242600409460713,0.0033932065166839,0.003393206516683995
155626841228459,0.00217,0.0106383142548325,0.3054176287476376,0.0164957102466195,0.016495710246619583
531120203583969,0.00215,0.0310536610764869,0.2979704939927148,0.0208064126350386,0.02080641263503865
52150999700,0.00215,0.0002700118551762,0.3222095209784378,0.0028902028111944,0.002890202811194449
202859009728184,0.00213,0.0002829980626617,0.3215953930418765,0.0028479552092731,0.0028479552092731844
326683984410,0.00211,0.0123065297705791,0.3241706782944825,0.0031431060041015,0.003143106004101514
105702905593,0.00211,0.0006153186346267,0.3232772148638879,0.0028404082718328,0.0028404082718328483
74758790293,0.0021,0.0010355450384708,0.3237576976603828,0.0047946914956113,0.004794691495611367
353967728021064,0.0021,0.0003661438775654,0.3107779158000537,0.0036781191086088,0.003678119108608851
145170355529600,0.00209,0.0057337699701762,0.3058509981148036,0.0162799747448061,0.016279974744806115
17414523278,0.00208,0.0002131966977068,0.3178046017294321,0.0025309608529399,0.0025309608529399926
6165653060,0.00208,0.0001466940899463,0.3163783354817616,0.0032266238072213,0.0032266238072214126
263743636076,0.00206,0.0004795465610789,0.3220708858254491,0.0034810447174876,0.003481044717487656
9208539755,0.00206,0.0001533509859075,0.3139320832585807,0.0021044089466646,0.0021044089466646806
359772106595,0.00206,0.0003515919191149,0.3007897001131595,0.0013884135685633,0.0013884135685633427
309798029121030,0.0020399999999999,0.0001731106472638,0.3144908370189973,0.0034476654321634,0.003447665432163479
162245191716,0.00202,0.0001996015198215,0.3214171313485475,0.002957873478369,0.002957873478369096
268914272540,0.00201,0.0021987370153587,0.3299750993154286,0.004765098071805,0.004765098071805035
38471053686,0.00201,5.333615164527309e-05,0.2993157821444997,0.0023508240788143,0.0023508240788143904
281709225144,0.002,0.0008112433520952,0.3260060595138668,0.0041669970982877,0.00416699709828778
61308923432,0.002,0.0003048317916593,0.3181926880218448,0.0035301752791673,0.0035301752791673698
528930603826623,0.00198,0.0002492376871944,0.3112172310004303,0.0015424471757291,0.0015424471757290892
125342830842328,0.00197,0.0135595820870054,0.3090376275900932,0.013885985867117,0.013885985867117031
568888089890063,0.00197,3.1019224534888426e-05,0.3071378935102293,0.0022074525973797,0.0022074525973797515
309127989103741,0.00195,0.006121557560704,0.2991961441462369,0.018016098850333,0.01801609885033301
180058246050,0.00193,6.859333414774261e-05,0.3073258975805617,0.0024231501167692,0.002423150116769304
72447968144,0.00192,0.0037578731185354,0.3246359027171779,0.0059396203202863,0.005939620320286372
268311603350722,0.00192,0.0003917530533565,0.3222877133979562,0.0042884195449189,0.004288419544918987
54172246106,0.00191,0.001721072412095,0.3096698939712173,0.0086805208865236,0.008680520886523647
60894670532,0.0019,0.0004954984124732,0.3272733202333803,0.0041859213943795,0.004185921394379527
10498053716,0.00189,0.0062792351693741,0.3075761620346159,0.0187563072197849,0.01875630721978495
49727872493,0.00188,0.0006249610667954,0.3192660669223578,0.0032486228632728,0.0032486228632728573
747754388695524,0.00187,0.0003138054597107,0.3115587323341904,0.001809449539086,0.0018094495390860669
95309701915,0.00187,9.103136756736148e-05,0.3112901786975848,0.0022161883750066,0.0022161883750066906
138569239368,0.00187,0.001058691417792,0.310477922412178,0.005135757832405,0.005135757832405008
246619938739669,0.00186,0.0001442321235264,0.3159073700146822,0.001951568204355,0.0019515682043550846
370870329165,0.00186,0.0008938036736988,0.3173709695674073,0.0051298635608338,0.005129863560833828
438956182828623,0.00185,0.000127929215664,0.2980546247062585,0.0024757012767971,0.0024757012767971584
171577161630,0.00185,0.0001454340237947,0.288444573715768,0.0008983357310588,0.000898335731058821
300719666712627,0.0018399999999999,0.0001950471247363,0.3080963598443304,0.003027051116301,0.0030270511163010606
233116802464,0.00183,0.0007955306315165,0.3249792849854435,0.0047036988162963,0.004703698816296364
7382473689,0.00179,0.0024392843716563,0.3161062667045844,0.0022996622693742,0.002299662269374305
313774828684270,0.00179,6.667957873192485e-05,0.3071883110451564,0.0016693436509595,0.0016693436509595692
140647865392,0.00179,0.0033072206392159,0.306970717463835,0.0086877180180517,0.00868771801805176
289189664545158,0.0017699999999999,0.0120965272481517,0.2984759918999983,0.0227623074508226,0.02276230745082257
149126144574,0.0017699999999999,0.0009471792774484,0.322737424822254,0.0049283304598972,0.004928330459897221
329417987110870,0.0017699999999999,0.0080449358725673,0.2870548573870614,0.0199000264387307,0.019900026438730713
620332914649716,0.00176,0.0001586075857409,0.3033539885181753,0.0026017851852217,0.0026017851852217946
425390150874429,0.00176,0.0065751463041671,0.3016823656089429,0.0139885267899496,0.013988526789949605
186473214703370,0.00176,0.0007894054204693,0.3148106749204821,0.0037655826493665,0.003765582649366592
77710564137,0.00175,0.0014330782711367,0.3165997364509347,0.0035475909697536,0.003547590969753673
167847008004,0.00175,0.0003507645079733,0.2976064757221588,0.0012727388648424,0.0012727388648424334
367271796750940,0.00173,0.0003497903018053,0.3212140035557478,0.0024504241155099,0.0024504241155099576
644891892279936,0.00173,0.0062442088158665,0.3017774536739253,0.0129577220865646,0.012957722086564604
215148520550,0.00173,0.0069537028996945,0.2927310286065424,0.015631075189603,0.015631075189603046
6851405967,0.00172,0.0090095283805629,0.2958336529437139,0.0020098317590741,0.0020098317590741114
21626405048,0.00172,0.0006126033980559,0.3045770950668853,0.004951638029017,0.004951638029017101
6321831972,0.00171,0.0002993055257697,0.3201175523292661,0.0020655827138677,0.0020655827138677655
153924901307555,0.00171,0.0001038609570106,0.3097887320489134,0.0018061622828122,0.0018061622828122587
338263012624,0.00171,0.0047155732982037,0.3006622938551924,0.0136445179964245,0.013644517996424561
26595441166,0.0017,0.0007094004036449,0.3233406889275871,0.0037263818725108,0.003726381872510818
131559043673264,0.0017,9.058052133223396e-05,0.3055559011317445,0.0025350378083606,0.002535037808360717
186625219983,0.0017,0.000182965570424,0.3078291360542716,0.0022651866811005,0.0022651866811005984
328028680122,0.0017,0.000608026099977,0.3157087234622917,0.0061881224718506,0.006188122471850668
456740217686384,0.0016899999999999,0.0003410874614152,0.3182787847743429,0.0025376870473679,0.002537687047367956
34701792581,0.0016899999999999,0.0009890738888152,0.3089842822578263,0.0049183167615255,0.004918316761525559
193562797359225,0.0016699999999999,0.0110041973292821,0.2921307336557529,0.0131494286591253,0.013149428659125337
123192635089,0.0016699999999999,0.0060011685700879,0.3075692685675106,0.0145924461339724,0.014592446133972387
40656699159,0.0016699999999999,0.0177103842374912,0.3166581795639562,0.0162962308035263,0.016296230803526286
222983281133636,0.00164,0.0014622860133776,0.3222221300926161,0.0027645869679627,0.0027645869679627706
895688690505840,0.00164,0.0001513524734422,0.3055173536226131,0.0025165716470927,0.0025165716470927206
60447222345,0.00164,7.595950567023174e-05,0.3102696743831579,0.0022474359875804,0.002247435987580432
19799718480,0.00164,0.0001476170961411,0.3184634347985784,0.0023052607912842,0.0023052607912843093
145184572013,0.00164,0.0015682393289392,0.3219223006841045,0.0039524644695045,0.003952464469504546
10128918116,0.00164,6.021323887740037e-05,0.2901112900647833,0.0018525559750834,0.001852555975083425
38342932750,0.00163,0.0010504284276765,0.3209210495939824,0.003459973936399,0.003459973936399101
398926776798256,0.00163,6.622703540114957e-05,0.3073075455886483,0.0017514175118425,0.0017514175118425943
539753402762439,0.00162,0.0013923866884059,0.3052772177823634,0.0056910082210976,0.0056910082210976445
141513472571212,0.00162,0.0025742245396417,0.2950280605876823,0.0126177440111118,0.0126177440111119
7741299484,0.00161,0.000269207585766,0.3020143285252328,0.0009892549830458,0.000989254983045907
7833534974,0.0016,0.0001156935385828,0.3062559797420836,0.0022092946787186,0.0022092946787186556
103983379801,0.0016,6.663099422381655e-05,0.3124169589784253,0.0021602236884118,0.0021602236884118694
8057684437,0.00159,0.0042653750152194,0.3001187374751759,0.0098685360637361,0.009868536063736185
120680396518,0.00159,0.0002078572976554,0.3147288499679951,0.0028920128782053,0.002892012878205339
6028461107,0.00158,1.615295619588733e-05,0.2922302660657249,0.0007606975373514,0.0007606975373515044
112883682080346,0.00158,0.0054976414071884,0.3021184939421109,0.0109050619185467,0.010905061918546797
195021667212814,0.00156,0.0005320822218929,0.3232695996508833,0.0024084364493424,0.00240843644934244
264972983556381,0.00155,0.0004867054414002,0.320291883200274,0.0036212932192755,0.003621293219275609
339251532832846,0.00154,0.0004080572504142,0.3091327671413811,0.0026694951532058,0.002669495153205911
199732303374586,0.00154,0.0010705731046111,0.3233533867315294,0.0040355176056538,0.004035517605653851
57138815724,0.00154,0.0007755350748864,0.3256733857962372,0.0028615202702158,0.0028615202702158148
71352317417,0.00154,7.672409065641073e-05,0.3040417568227875,0.0017516784050553,0.001751678405055334
52902998700,0.00153,0.0004183604899569,0.3172731374771286,0.0026938864106461,0.0026938864106460982
281849238620927,0.00153,0.0003145919084478,0.297946773403521,0.0011492736913262,0.0011492736913262366
165284543530775,0.00153,0.0016372974364843,0.2937398157696764,0.0092137152626587,0.009213715262658807
76378187097,0.0015199999999999,0.000666451501266,0.3216029295801524,0.0025298893725886,0.0025298893725885997
19420215926,0.00151,0.0107294944261298,0.3092628085315286,0.0174931776760735,0.017493177676073578
49940376408,0.0015,0.0005312503645195,0.3265413074294065,0.0039342719310782,0.003934271931078298
80256732576,0.0015,0.008608986456996,0.3109563113256551,0.0074035190892686,0.007403519089268711
168311177572,0.00148,0.0014769050134627,0.3210061264204473,0.0042732819646272,0.00427328196462725
70644859198,0.00147,0.00466996468569,0.3191918083503325,0.0041378486836001,0.004137848683600135
357652214365312,0.00147,0.0046164276737622,0.2937544869889042,0.013839294387758,0.013839294387757975
17548474116,0.00147,0.0008098436686159,0.3139919402729492,0.0026552216953169,0.002655221695316949
215199900044,0.00146,0.0001737168234616,0.3138770349576559,0.0021655964194525,0.0021655964194525878
132812533432684,0.00145,0.000152461534076,0.3015740824643059,0.0023933158366863,0.0023933158366863877
8810407571,0.00145,0.000443639666559,0.3121682259625989,0.0020601349717184,0.002060134971718504
240984512605919,0.00145,0.0003290345305298,0.3039250425676741,0.0023131746665453,0.0023131746665453674
106854275018,0.00145,0.0011826304268431,0.3045793483643753,0.0064074443460189,0.006407444346018986
123159412963,0.00144,0.0004600270274942,0.3025758976716073,0.0018023712005982,0.0018023712005982477
240822886041144,0.00144,0.0080796404665515,0.2925895608917615,0.0112189671694993,0.011218967169499309
27479046178,0.00143,9.174820313354548e-05,0.3152928607271478,0.001653758054044,0.0016537580540440793
124016042296,0.0014199999999999,0.0023799082155913,0.3042372293296957,0.0064146615770183,0.006414661577018294
114431401958534,0.0014199999999999,0.0008742028594188,0.3251024643664222,0.003522434220062,0.0035224342200621066
6651543066,0.0014199999999999,0.0014279166824712,0.3162276681381393,0.0018865291555889,0.0018865291555889795
12616252196,0.00141,0.000245186883843,0.3199260074269317,0.0022579089854814,0.002257908985481436
54444461143,0.00141,0.0003530072554477,0.3180157210900669,0.0031794544350778,0.0031794544350779177
365084476836621,0.0014,0.0059339436091071,0.3001406170420937,0.0149495063065419,0.014949506306542014
228565633877379,0.0014,0.0061942862537754,0.3094743592963954,0.0110816964707824,0.011081696470782472
58608795408,0.0014,0.0026103131086692,0.3227095972873978,0.0038422145900763,0.0038422145900763194
108084519236943,0.00139,0.0018002411616968,0.2980740462334313,0.0061597314743292,0.006159731474329262
208763874023,0.00138,0.0137835319906348,0.3023692284944893,0.0121208568675549,0.012120856867554947
19440638720,0.00138,2.7582410557883705e-05,0.2933003596184189,0.0012344679056236,0.0012344679056236507
140964492685424,0.00137,0.0022792023366858,0.3081816926385563,0.0059522488632397,0.005952248863239713
261323008476,0.00137,0.0017395302784411,0.3145028492430621,0.0029568763241433,0.0029568763241432953
134525006573190,0.00137,0.0001762706485122,0.3092488702925251,0.0022631741340081,0.0022631741340082114
114896831960040,0.0013599999999999,0.0012158683139077,0.3245437743930126,0.0037832635767595,0.0037832635767595423
91686597689,0.0013599999999999,0.001414740882006,0.3208835300346326,0.0041640154985583,0.004164015498558306
569132726495630,0.00135,0.0028812903603859,0.2982143880042912,0.0128858616346153,0.012885861634615345
48654660602,0.00135,0.0002528609275059,0.3126091097305448,0.0017807606950469,0.0017807606950469312
131110227015527,0.00135,0.0004508337968309,0.3091118778319168,0.0033223140282461,0.0033223140282461435
751413538254047,0.00134,0.0030695458953255,0.2854625574462783,0.0147477818506975,0.014747781850697533
50978409031,0.00133,0.0005402728996273,0.3225073594850078,0.0026233710247812,0.00262337102478122
49978948774,0.00133,0.0001823878800852,0.3227348948480461,0.0025573752796968,0.0025573752796968913
300455573433044,0.00132,0.00978467361748,0.3112454647625839,0.0079420914167575,0.007942091416757575
123929004309642,0.00132,0.0001726443682149,0.3067922919995858,0.0011797904107602,0.001179790410760248
6233046685,0.00132,0.0006834012695276,0.31594131026555,0.0034770175578587,0.003477017557858738
13642915529,0.00132,0.0009959023128773,0.3208510201788451,0.002920793548829,0.00292079354882901
891358407543844,0.0013,0.0005074217343416,0.320876027175496,0.0029580179231236,0.0029580179231236885
114945745226947,0.00129,0.000302308845042,0.3066506145232329,0.0025216149863984,0.002521614986398488
444654488901592,0.00129,8.03346893618415e-05,0.3118915324467591,0.0013780342139409,0.0013780342139410255
335331839998647,0.00128,0.0065958042308398,0.2825609596866109,0.0127105452430726,0.012710545243072614
253645602134,0.00128,0.0002431746531948,0.3041158719911536,0.002125888296176,0.002125888296176021
272663052744040,0.00128,0.0005656081682342,0.3217034505213024,0.0019411309859262,0.0019411309859262804
143928478973403,0.00128,0.002177636729921,0.295161315783259,0.0074739064429603,0.007473906442960314
52946962893,0.0012699999999999,9.275503578771448e-05,0.2905002327026677,0.0013220300075701,0.0013220300075701377
149131141771785,0.0012699999999999,0.0041557149777578,0.3053609958852754,0.0082307000782557,0.008230700078255786
344637645551128,0.0012699999999999,0.0019377811795537,0.3112548771550604,0.0064362027600901,0.006436202760090137
114050161948682,0.00126,0.0017104831575759,0.325619293859228,0.0024325448167464,0.002432544816746421
101165966152,0.00126,0.0001217691333696,0.3084587731934144,0.0016514954818852,0.0016514954818852873
107699875915002,0.00126,0.0003201446575497,0.3082278381572022,0.0020462274589927,0.002046227458992767
479681268841947,0.00126,0.0001181398519419,0.3111443174843722,0.00164162175178,0.0016416217517801078
42870397984,0.00124,4.5174365944812814e-05,0.3145412945273146,0.0012970483757118,0.0012970483757118148
7962048097,0.00124,0.0001067725533064,0.3152687163584169,0.0015533792774827,0.0015533792774827444
32109457015,0.00124,0.0001127034598747,0.2967591226847429,0.0015388780561267,0.0015388780561268027
23237898444,0.00123,0.0003810591520332,0.3210286543079253,0.0019287449943511,0.001928744994351195
86518833689,0.00122,0.000518338011109,0.3160261928077347,0.0023854269182711,0.002385426918271127
363658042993,0.00122,0.0010161944600397,0.3194964882311871,0.0027898875718792,0.0027898875718791994
103551633078066,0.00122,0.0003032496290628,0.31185609438845,0.0020929019663508,0.002092901966350878
368004436727923,0.00121,0.0070540883384738,0.2869928250029691,0.009941255975396,0.009941255975396022
6204742571,0.0012,2.966422690586244e-05,0.2962317065498507,0.0013918825142964,0.0013918825142964066
136720375047,0.0012,0.0047192881004262,0.3227273051634096,0.0036559385512324,0.003655938551232424
834027803299371,0.0012,0.0011454548549636,0.3018460427273911,0.0063134592089227,0.006313459208922742
17108852506,0.0012,0.0006595451031887,0.3037860003227392,0.0021191169056653,0.00211911690566538
330201017032791,0.00119,0.002693545707763,0.3049583762309191,0.0075978779868668,0.007597877986866838
340093714072,0.00119,0.00051418409706,0.3187124356301189,0.0030886836588014,0.0030886836588014262
75928194876,0.00119,0.0001792737414872,0.2966308327868668,0.0017755547945735,0.0017755547945735694
272030711614,0.00119,0.0053975912785631,0.3172584678655166,0.0032003113578697,0.003200311357869704
328853823844484,0.00118,0.0002189990898042,0.3098027189960036,0.0016440656123793,0.0016440656123793338
436749055071,0.00118,7.115124067250963e-05,0.3153532378313418,0.001542688195784,0.0015426881957840957
115853591820469,0.00117,0.0015224438150467,0.3182689427874225,0.0037514422708931,0.0037514422708931714
19003252165,0.00117,0.0004147624291175,0.3023448024230157,0.0018307787499296,0.0018307787499296348
129879573711973,0.00116,0.0026078353973683,0.2882991420229928,0.008447172636676,0.008447172636676015
6879409364,0.00115,0.000395377129294,0.3151263398183513,0.0019446999517836,0.001944699951783642
11897558895,0.00113,0.0003577533214944,0.3141021368393466,0.0019966845597175,0.001996684559717581
5637143257,0.00112,0.0001225173851717,0.3138698561677417,0.0015078465827072,0.0015078465827073238
107651419258212,0.00112,0.0003178300893054,0.3213268206216486,0.0026340671080268,0.002634067108026789
84169421673,0.0011099999999999,0.0001018334518031,0.3114361767313705,0.0017172171789151,0.001717217178915142
114787771891255,0.0011099999999999,0.0006325046147809,0.3113890656305023,0.002906434746267,0.0029064347462670866
102001589864063,0.0011099999999999,0.0032136998555055,0.2819649150488384,0.0142729017893255,0.01427290178932557
765017020180136,0.0011099999999999,0.0002558929576272,0.2998957479666698,0.0016612230006883,0.0016612230006884028
137767151365,0.0011099999999999,0.0051228381432253,0.321522558045229,0.0030120941252961,0.0030120941252961336
311925502180080,0.0011,0.000149011052732,0.2897295042399649,0.001472138378288,0.0014721383782880279
6030918854,0.0011,0.0001258527857261,0.3066985873985527,0.0018201901745499,0.0018201901745499107
266790296879,0.0011,0.0002215930412773,0.3130345786238318,0.0018627336521296,0.0018627336521296243
167640156628553,0.0011,0.0038534628578411,0.2955681703256031,0.0108864213673916,0.010886421367391588
115777632950,0.00108,0.004370512960515,0.2961741674159542,0.0108471970451228,0.01084719704512288
7656215652,0.00108,0.000111812966433,0.2996207474081533,0.0012688541962578,0.0012688541962578538
68621004939,0.00107,0.0003189386413954,0.3136952734366677,0.0019273489837891,0.0019273489837891289
7629206115,0.00107,3.5361106567079355e-05,0.2906396867597707,0.0013278557908049,0.0013278557908049304
12852567813,0.00107,0.0004287338797012,0.3180845181679621,0.002433490689358,0.0024334906893580224
106368016062691,0.00106,0.00075719704222,0.2789747500685305,0.0036727106334768,0.0036727106334768457
110260895670639,0.00106,0.0004030161384995,0.3137383031906512,0.0019823383503097,0.001982338350309709
8303218826,0.00105,0.0003800144712646,0.3158007481119645,0.0033927143581751,0.003392714358175105
360781383974396,0.00105,8.191781144477931e-05,0.3050193794289916,0.001746091161804,0.0017460911618040111
13310147298,0.00104,0.0055220467201011,0.3195758499123893,0.0038590146481405,0.003859014648140508
224319224261399,0.00104,3.5020040562064694e-05,0.2904059719943599,0.0012234644676509,0.0012234644676509822
125955227438903,0.00104,0.0001299659059062,0.2966757216320358,0.0014825001814142,0.0014825001814143092
97212224368,0.00103,0.0007281575209856,0.3241834413718472,0.002445252298503,0.002445252298503068
30911162508,0.0010199999999999,0.0001161330337029,0.3087896121831625,0.0013313925906561,0.0013313925906561993
437674196342052,0.0010199999999999,0.0033786218240727,0.2973829062213617,0.0055805540709414,0.005580554070941494
57780972549,0.00101,0.0005133019392956,0.3097327968879023,0.0015909925994259,0.0015909925994259668
192518057471204,0.00101,0.0001762265386347,0.3017597583327904,0.0017939771615501,0.0017939771615501532
81047727472,0.00101,0.000932982183842,0.3000465575315365,0.0046997222062764,0.0046997222062763935
41093998634,0.001,0.0005065899615476,0.3123719207779997,0.0033050569287849,0.0033050569287849945
463855417049923,0.001,0.0029492004496785,0.2956551960957736,0.0086069252254372,0.00860692522543722
112415152112864,0.001,0.0020298591006306,0.2954727131903816,0.008395894695419,0.00839589469541904
8501031021,0.00099,7.864018880185667e-05,0.2872170686493937,0.0013556240602171,0.0013556240602171873
34521916336,0.00099,0.0045378701297648,0.2873734454497054,0.0112482579961898,0.011248257996189828
811531288908785,0.00099,0.0069067057941261,0.2968554129546742,0.0104671632752963,0.010467163275296319
316774245761,0.00099,0.0001837988417886,0.3065318891115486,0.0014675512279158,0.0014675512279158844
128334087241432,0.00099,0.0011455690023585,0.2717167207005027,0.0048871825578486,0.004887182557848667
40667713734,0.00098,0.0006757012797152,0.2875119207836837,0.0039225865393868,0.0039225865393868265
395952163902381,0.00098,0.0007964019802126,0.3020165440628128,0.0016031448430419,0.0016031448430419155
46522519207,0.00098,0.0004098898202198,0.3193651321157416,0.0024474596039324,0.0024474596039324266
159907557427805,0.0009699999999999,6.28352674267446e-05,0.3061717098960589,0.0016999117531301,0.0016999117531302105
21472760578,0.0009699999999999,0.0012743448718893,0.3233610058926112,0.0071564802222112,0.007156480222211218
30116744273,0.0009699999999999,0.0002961244581673,0.3111631306046688,0.0021944334731065,0.002194433473106554
104301781300,0.00096,0.0003373208384648,0.3138196138314302,0.0019756482038817,0.0019756482038817483
9586347482,0.00096,0.0005916263243817,0.3136809328081557,0.0030564505709586,0.0030564505709586983
219195584894557,0.00096,0.0008241657709554,0.3213167892290819,0.0033036858349023,0.003303685834902333
136764599915,0.00096,0.0003557953702379,0.3063744914791421,0.0015225159658376,0.001522515965837674
20946638799,0.00096,0.0004567120407499,0.311641276006392,0.0029443916198914,0.002944391619891447
108698394910,0.00095,0.0005759341146131,0.3096698939712173,0.0021472363630164,0.0021472363630164904
9324910069,0.00095,0.0021310393207489,0.2984348832296509,0.007891373398602,0.007891373398602035
80221381134,0.00094,0.0001610583792059,0.3121350914819342,0.0020161918125847,0.0020161918125847457
90018331599,0.00094,0.0012475834546964,0.3134445015949296,0.0014290118433097,0.0014290118433097302
12503116997,0.00093,0.0013054982157973,0.2887581543023761,0.0037453745514714,0.0037453745514714745
180526851447,0.00093,0.0001522153753998,0.3094069106063664,0.0013949525363113,0.0013949525363113641
71179904752,0.00093,0.0069611971730575,0.3164999460228894,0.0045401466344217,0.004540146634421722
153005644864469,0.0009199999999999,0.0001411386182767,0.3016646814170926,0.0017430865049607,0.0017430865049608006
241711025855990,0.0009199999999999,0.0001889289286979,0.2981172142458041,0.0007745284519759,0.0007745284519759737
80562389320,0.00091,0.000120356260383,0.3046875458660422,0.0015465985721914,0.001546598572191461
220522928130438,0.00091,0.0018796126910332,0.2872250838323694,0.007027361701723,0.007027361701722994
269626763112769,0.0009,2.396773975603686e-05,0.2836433412361884,0.0009883563321546,0.000988356332154676
41632789656,0.0009,0.0046189712823875,0.2937649673285151,0.0094880049476775,0.00948800494767752
135010313189665,0.00089,0.0042759700001223,0.2847911665881886,0.0033073845779791,0.003307384577979162
261624820205,0.00089,0.0012169430943176,0.2895501878091537,0.0063032871503884,0.006303287150388444
122177661170978,0.00089,0.0001607587633313,0.3002478730504299,0.0014282659945014,0.0014282659945014384
115222941001,0.00089,0.0002722771858719,0.3103538758861435,0.001811912108011,0.001811912108011064
791373644322801,0.00089,0.0068413619722635,0.2922240433031201,0.0020355383763176,0.0020355383763176944
251317564934798,0.00088,0.0009902523309791,0.3083455718026972,0.0030421873479535,0.003042187347953553
96623207231,0.00088,0.0001317996712167,0.3126542163583153,0.0015302245256797,0.0015302245256797406
333712010138815,0.00088,0.0027848870401372,0.2918221999010368,0.0062993231450313,0.00629932314503139
754734577940325,0.00088,0.0006057151680533,0.2973872024670769,0.002175304211444,0.0021753042114441043
101988643193353,0.00087,0.001500755578087,0.2912091432301808,0.0070236086122257,0.007023608612225702
193266897438,0.00087,0.00162897916159,0.2938068961662111,0.0062393488548509,0.006239348854851
596635807026540,0.00087,0.0017781814320621,0.2774743348963152,0.0047221461776061,0.0047221461776061555
151159641657421,0.00086,0.0026364182804375,0.3141500725191121,0.002585962589025,0.0025859625890250594
90692553761,0.00086,0.0001727074027334,0.3049199793268213,0.0012694645008651,0.0012694645008651778
9299179711,0.00085,0.0004047281596654,0.311497442478207,0.0021840580731072,0.002184058073107203
312531385450925,0.00085,0.0061266785226751,0.2734656155905799,0.010420425736603,0.010420425736603066
408250066356,0.00085,0.0044597741611983,0.2887966401303232,0.0086994793205322,0.008699479320532267
150012808367284,0.00084,0.0016812849587626,0.2941637751195089,0.0041054530975887,0.004105453097588781
149817218374125,0.00083,0.0054616526638283,0.2880530505878168,0.0098728637150963,0.009872863715096368
354339424984,0.00083,0.0001624298864285,0.2861928158073208,0.0006180498939493,0.0006180498939493969
598356233569407,0.00083,0.000116026554999,0.2878697639678107,0.0012115918524058,0.0012115918524058327
103355973074163,0.00083,0.0011381947315639,0.3086160067820708,0.0066611547651629,0.006661154765162922
347980278556458,0.00083,0.0003069352979469,0.2963511182762938,0.0013332236443178,0.0013332236443178208
45623437315,0.00082,0.0023022957347329,0.3162471010215538,0.0056684589562232,0.005668458956223322
100450643330760,0.00082,0.0004434012131882,0.3089495017446554,0.0016011762802919,0.0016011762802919177
277613075615568,0.00082,0.0001101717780099,0.3096885292086883,0.0010759432542898,0.001075943254289791
554682674553388,0.00081,6.975089760248744e-05,0.3061398361006869,0.0015146204008554,0.0015146204008554948
5953023255,0.00081,4.189515087067745e-05,0.3054289578409821,0.0009548938000726,0.0009548938000726005
249903348378912,0.00081,0.002140354659514,0.2826249711074619,0.0054842541355823,0.005484254135582309
122624624418852,0.0008,9.317921040703068e-05,0.2857438999214907,0.0011341836657207,0.0011341836657207207
98658495398,0.0008,0.0002272407836031,0.3151311640360096,0.0020608777259052,0.002060877725905218
161829897161822,0.0008,8.172908037856868e-06,0.2843250325710447,0.0004306735776303,0.0004306735776303244
176999952314969,0.00078,9.221387737716572e-05,0.2969346317782496,0.0010392884954905,0.0010392884954905685
281168802721,0.00078,6.567264961903019e-05,0.289751934411351,0.0009291047641014,0.0009291047641014449
57972945858,0.00078,0.0003805981550155,0.3152421618234532,0.0017743084185808,0.001774308418580878
45168721640,0.00078,0.0001046626779096,0.3052070607024047,0.001433774899558,0.001433774899558087
280920811923248,0.00078,0.0002175771727199,0.3126732125171426,0.0017591757759033,0.0017591757759033168
405679386265498,0.00078,0.0021507692920023,0.2811868922049279,0.0077055837485557,0.007705583748555756
84258068778,0.00077,9.92869547159399e-05,0.3061899264735098,0.0011597519470788,0.0011597519470788905
15483865491,0.00077,1.965728387639777e-05,0.287990586082651,0.00112153464899,0.0011215346489901138
319569361390023,0.00077,0.0051089132026368,0.2748971767591013,0.0075678044268526,0.007567804426852708
149475666523,0.00077,0.0001556105682989,0.3066848793311936,0.0015741241556687,0.0015741241556687182
6236054211,0.00077,5.170801761722535e-05,0.2944477972024018,0.0014069023048598,0.0014069023048597967
69354316647,0.00077,4.580769516516888e-05,0.2935220158684915,0.0008308963221607,0.0008308963221607718
371655802904606,0.0007599999999999,0.0001214841292238,0.288107477238849,0.0011436784209431,0.001143678420943101
67959238836,0.0007599999999999,0.0003527849813933,0.300282912024408,0.0010693687561478,0.001069368756147835
585201591501053,0.0007599999999999,0.0004994856237119,0.3070966551078305,0.0016108052579942,0.0016108052579942823
46347342434,0.0007599999999999,8.700395369487103e-05,0.2894463673440954,0.0014088461032595,0.001408846103259542
59344923821,0.0007599999999999,0.0060989477466244,0.302140666067851,0.0017216313186853,0.0017216313186854076
241061082705085,0.0007599999999999,9.902531163111076e-05,0.3022737671942351,0.0010947622036426,0.0010947622036426804
38472826214,0.0007599999999999,0.0005776432647765,0.3056557163392325,0.0010641440408474,0.0010641440408474478
129184427195815,0.0007599999999999,0.0005223429816545,0.2861908263470272,0.0029665939520129,0.002966593952012904
116933681791119,0.00075,0.0010756918961926,0.2687212241565366,0.0068900826932601,0.006890082693260099
111627345541631,0.00075,0.0017520517958066,0.2858292046025724,0.0064229112331859,0.0064229112331859245
222149727806378,0.00075,0.0032454822029271,0.3158831314425675,0.0053888370262653,0.00538883702626535
6860957425,0.00075,0.0002621033524797,0.3065889571595797,0.00190117301035,0.001901173010350073
161528283857490,0.00074,0.0045283974710974,0.2927747448166038,0.0086975585698289,0.00869755856982896
420776631313347,0.00074,0.0002668888178509,0.294006221706974,0.0010701208497019,0.001070120849702001
334162806080,0.00074,1.2359660695938136e-05,0.2707998607433273,0.0007260601966876,0.0007260601966876441
51757123845,0.00073,4.928528026489616e-05,0.2875922574630618,0.0008536382316004,0.0008536382316004909
66197856671,0.00073,0.0001422824511143,0.3095371827926004,0.0012934319123161,0.0012934319123161864
232621906875091,0.00073,0.0016819527733045,0.2862445514852057,0.005946332368334,0.005946332368334014
195974498373,0.00072,3.701099973194062e-05,0.2991961441462369,0.0007526508526704,0.0007526508526704753
35277543605,0.00072,0.0002446500081278,0.3200976408838557,0.0018164593225301,0.0018164593225302131
325524940890586,0.00072,0.0001826566773895,0.3032802441922999,0.0010796857801433,0.0010796857801433299
39723237897,0.00072,0.0012781364065918,0.2851165937452668,0.0067059015546679,0.006705901554667964
302448176483395,0.00072,5.050162604882935e-05,0.2797804848011962,0.0011903611469595,0.0011903611469595305
108571612499317,0.00072,0.0006051599127945,0.3099496582314537,0.0025171561917734,0.0025171561917734053
660810660646898,0.00072,0.0010668854915813,0.2718979650747337,0.0024245470182803,0.0024245470182803945
358801027537350,0.0007099999999999,0.0001722285610796,0.2944183175735489,0.0012096835475117,0.0012096835475117862
127175687433107,0.0007099999999999,0.0008837182660412,0.3109586600003657,0.0020646992506118,0.002064699250611824
104200886277050,0.0007099999999999,3.786591736236315e-05,0.2933317057319137,0.0010674302973311,0.001067430297331155
370328643059107,0.0007099999999999,6.200469708003723e-05,0.2901133344049441,0.0010988349025223,0.0010988349025223712
106916074935,0.0007099999999999,0.0002810271598497,0.2899498781863337,0.0028697252689925,0.00286972526899258
358168880614,0.0007099999999999,0.0001140891718289,0.300974411070656,0.0014536215814455,0.001453621581445559
407577195956039,0.0007099999999999,0.0022959184920268,0.2804246111791463,0.0059009781644743,0.005900978164474389
260933440643373,0.0007,7.673564249888678e-05,0.2913059873184702,0.0010922874190037,0.001092287419003802
310937177514,0.0007,3.757916476708343e-05,0.2900520167306382,0.0011083439300228,0.0011083439300229108
175719755481,0.0007,7.177514677782997e-05,0.3012100264391189,0.0007605441651545,0.0007605441651544949
166622430080749,0.0007,6.192639163334576e-05,0.2965325522912644,0.0010772940383248,0.0010772940383248484
6181619439,0.0007,0.0002822162373103,0.3083779065779687,0.001545074320665,0.0015450743206650802
305986132775543,0.00069,0.0013771477587983,0.2863620210876404,0.0065885414259266,0.006588541425926617
6439768716,0.00069,0.0015211541687799,0.3062878777279289,0.0017035335664985,0.0017035335664986155
198650096517,0.00069,3.1042699256128286e-05,0.2864676268651497,0.0009565463598847,0.0009565463598847619
316057878492825,0.00069,0.0006532619985844,0.3140542157862136,0.0019995457424308,0.0019995457424308756
89686424098,0.0006799999999999,0.0003447987141431,0.3176280660929621,0.0020709961621492,0.002070996162149272
112623813202,0.0006799999999999,0.0005370203935551,0.2841209656751155,0.0028446442973283,0.0028446442973283806
159499837454214,0.0006799999999999,6.167411287869426e-05,0.2969774703705807,0.0013402062645456,0.0013402062645456432
114114045339706,0.00067,0.0002518867297408,0.3035015848104005,0.0017037578229722,0.0017037578229722812
159050394216641,0.00067,0.0021393201395489,0.307498054163328,0.0019817800869108,0.001981780086910906
123123377842466,0.00067,0.0009272179213574,0.2783372594708287,0.005494178911076,0.005494178911076085
125598484184243,0.00067,0.00010217489387,0.3028273923328424,0.0010489804165535,0.001048980416553577
107710719302307,0.00066,0.0004513416488002,0.3062423112104944,0.0015473669356983,0.0015473669356983672
29790827612,0.00066,0.0001352339930623,0.3018814557294159,0.0009137138725749,0.0009137138725749557
172526489431467,0.00065,0.0123656575719297,0.2762788986967022,0.0063370608288367,0.006337060828836739
619459291436461,0.00065,4.618299264722082e-05,0.2885193665355354,0.0006735017927426,0.0006735017927426251
13152108058,0.00065,7.601161075190246e-05,0.3076129324118489,0.0011669110152683,0.0011669110152683524
263803127085354,0.00064,3.1777355697529466e-05,0.2969881819500768,0.0008483911237091,0.0008483911237091688
256004367748633,0.00064,6.665495094331681e-05,0.2965154666787071,0.001058008023329,0.0010580080233290193
916640865034057,0.00064,0.001295091136052,0.283173162952375,0.0033086329628757,0.0033086329628757693
119954941781,0.00064,0.0007017744018872,0.304104640097639,0.00207358526018,0.0020735852601800678
909664125750328,0.00063,0.0022761966373711,0.2781078743189196,0.0048670344074966,0.004867034407496614
113676922032321,0.00062,0.0011759064848318,0.2750900425882649,0.0033674801641941,0.0033674801641940992
53108014196,0.00062,0.0001511343529622,0.2962189181436665,0.001088113211586,0.0010881132115860823
110598432306650,0.00062,0.0007239786389705,0.2969903243587013,0.0012356547211142,0.0012356547211142205
124978350989069,0.00062,3.162142002029308e-05,0.3041001475725328,0.0008394676370559,0.000839467637055958
78612416276,0.00062,0.0032170759704221,0.2883536617188413,0.0051940234712338,0.00519402347123381
687958677914631,0.00061,1.3274224163167336e-05,0.2704050063462894,0.0006115807562591,0.0006115807562591846
116727628853,0.00061,0.0033449090967276,0.2945699900097553,0.0055906960849719,0.0055906960849719705
310676529001539,0.00061,2.015141673592662e-06,0.2477044275233877,0.0001668808774855,0.00016688087748552164
58718055772,0.00061,0.0056798208026226,0.2729615699412134,0.0035377392006016,0.0035377392006016375
48573742500,0.00061,0.0012516736556266,0.3066871639239903,0.0017554129067688,0.0017554129067688746
60870934988,0.0006,8.99801161744045e-06,0.2754950212543432,0.0006712126053853,0.0006712126053853618
475025662553385,0.0006,2.551783430297512e-05,0.2804914801569616,0.0008910552376993,0.0008910552376992946
101043269988443,0.00059,0.0007981519148353,0.2712155221840836,0.0037972490347828,0.0037972490347829083
106547192707583,0.00059,0.0023180654462958,0.2865453865366877,0.0043289387161959,0.004328938716195937
104992520955,0.00059,0.0002578859849309,0.296737733329526,0.001643732449107,0.001643732449107076
414280728767306,0.00059,0.0018992498090625,0.2700591234932578,0.0056468173527864,0.005646817352786452
36496893934,0.00059,0.0013474417715797,0.2922510105219184,0.00149764293582,0.0014976429358201089
702815073143116,0.00058,0.009013835717031,0.2728819631984942,0.0066501359201106,0.006650135920110645
106313546083516,0.00058,0.0002834478928841,0.2604359059386732,0.002715059269824,0.0027150592698241076
8354368747,0.00058,0.0005345358299537,0.3082093782915417,0.0015316205954255,0.0015316205954255938
243558409135842,0.00058,0.0012720284543443,0.2814194631254186,0.0044384545754309,0.004438454575430927
39114729405,0.00058,0.0005261911473139,0.3024603059051505,0.0009986887123107,0.0009986887123107824
163313620412982,0.00057,0.0008429620688339,0.2747302449942673,0.0024794759854471,0.0024794759854470747
51936848856,0.00057,0.0001743867891187,0.3051957480641708,0.0016176304023546,0.0016176304023546692
56501027948,0.00057,0.0003252805890259,0.3136379187885501,0.0012566317078264,0.0012566317078264123
263103197142872,0.00057,0.0011938090762615,0.2687545539207731,0.00322074949906,0.003220749499060055
383594785008126,0.00056,0.0008103551670565,0.2713013105726109,0.0037387372029376,0.0037387372029376556
153964677960664,0.00056,7.932086343030881e-05,0.2944120012781866,0.001065196361282,0.0010651963612820833
184096565021911,0.00056,0.0002042957215094,0.3178733074838991,0.0019634316457836,0.001963431645783624
48990004850,0.00056,0.0011226689561504,0.2729669993650752,0.004918697403242,0.004918697403242
41201204962,0.00056,0.0022320253900542,0.3198340478839241,0.0024227011681432,0.002422701168143218
259617042211,0.00056,0.0004870701658176,0.3026092578711309,0.001314822597308,0.0013148225973079947
116789651713844,0.00056,1.5350378487273668e-05,0.2749779637974654,0.0003441731254186,0.0003441731254186264
35541499994,0.00055,0.0001432032530482,0.2960080687409968,0.001184482183373,0.0011844821833730955
256566055895,0.00055,0.0008885307943349,0.2749522536806041,0.0035710710680651,0.003571071068065192
207697880579,0.00055,9.738334727628794e-05,0.2938823982435402,0.0006127636980892,0.0006127636980891952
195768000454891,0.00053,0.0017129572447557,0.2690759959918722,0.0066110929754563,0.00661109297545638
55845270277,0.00053,0.0004342416565036,0.3152252658119622,0.0018223072951278,0.0018223072951278356
7257000829,0.00052,0.0014052603817931,0.257523140760928,0.0047020896415593,0.0047020896415593
21218780346,0.00052,4.5902454385310745e-05,0.2915432180969838,0.0005865639842364,0.0005865639842365057
554097581296943,0.00052,8.01082408658383e-05,0.2902708351663999,0.000813103935977,0.0008131039359770836
147823328841,0.00052,0.0001415647788903,0.2911658932769794,0.0007480325606503,0.0007480325606503842
747113272076027,0.00052,5.8322107495786864e-05,0.2773808610411318,0.0006378034013963,0.0006378034013963155
9351577890,0.0005,5.22282202626612e-06,0.2689705204586198,0.0004188795683462,0.0004188795683462585
521878704532086,0.0005,0.0021183278965485,0.2665395892719396,0.0048828962667558,0.004882896266755852
496932476988091,0.0005,0.0004966817413984,0.2549144960588617,0.0031468134695519,0.003146813469551959
879307625456770,0.0005,0.0005902437126639,0.2918263369784367,0.0009990117198248,0.0009990117198249043
138113353016606,0.0005,3.567720651015146e-05,0.2917229452210493,0.0006771527877835,0.0006771527877835943
292949924146549,0.0005,0.0004877291104497,0.2892003458106417,0.0031615418720181,0.0031615418720181273
370787006340754,0.0005,3.399514241646562e-05,0.2733294487828156,0.0004035841490212,0.0004035841490212826
745995528781548,0.0005,0.0001154894814783,0.2947999028219015,0.0005659558783113,0.0005659558783113934
492037610911691,0.0005,0.0007113895705817,0.2797101535710466,0.0039479282483102,0.003947928248310287
53587699329,0.00049,6.071773893528404e-05,0.2949371776954292,0.0006615929467506,0.0006615929467506251
211524895670316,0.00048,4.373140786696877e-05,0.2712226691441888,0.0006943772915736,0.0006943772915736691
60237406798,0.00048,0.0004727748346611,0.2960165820896568,0.0010265166077244,0.00102651660772441
235086849974878,0.00048,0.0023303510099214,0.271079801471214,0.0037776257144167,0.003777625714416741
289741874474112,0.00048,0.0012120328751275,0.2830096495103056,0.0039920349292643,0.00399203492926437
31709165325,0.00048,0.0001431313462595,0.2922468613950702,0.0012961584223854,0.0012961584223854649
167529403402369,0.00047,4.1822995153664254e-05,0.2919463632696307,0.0007673925799459,0.000767392579945998
303363616352436,0.00047,0.0005560807035485,0.2744335709416463,0.0023828145505613,0.0023828145505612763
26668999076,0.00047,0.0021332990190608,0.2947576901039812,0.0014317108360123,0.0014317108360123695
815662028528813,0.00047,6.5896440906349325e-06,0.2818529541190497,0.0006951019773803,0.0006951019773803029
429101477109798,0.0004599999999999,3.188124284194119e-05,0.2828871382987431,0.000818053389376,0.0008180533893761078
19750633611,0.0004599999999999,3.916575096337456e-05,0.2860377209209827,0.000902411275535,0.0009024112755350442
198021666971291,0.0004599999999999,0.0005143426008552,0.272994149724574,0.0028463367262979,0.0028463367262979372
554069604681993,0.00045,6.039887893123009e-06,0.2575005909260765,0.0001782550926777,0.0001782550926777899
88683275177,0.00045,1.879818539267688e-05,0.2774687246884677,0.0004784864577884,0.00047848645778841815
159658557547960,0.00045,0.0004376776590708,0.2947239286327063,0.0019549662959951,0.0019549662959952013
107546629279454,0.00045,0.0047919633093833,0.2717974432899597,0.003412507961958,0.003412507961957986
90662953642,0.00044,0.0002732870443938,0.2930623479158353,0.0007766389163388,0.0007766389163389418
106004666100932,0.00044,0.0001479960172967,0.2592648878187747,0.0015784592434168,0.0015784592434167912
407983411392,0.00043,0.0001414030817264,0.2833056694300381,0.0006909899827295,0.0006909899827295721
561591777188116,0.00043,0.0002188547659001,0.271169076122856,0.0008165818660974,0.0008165818660974491
445954212128295,0.00043,0.0002489946120041,0.2790730848220007,0.0007307421826745,0.0007307421826745279
10716057521,0.00043,3.495420656266661e-05,0.2785274467906193,0.0006343234260092,0.000634323426009245
264018250293331,0.00042,0.0001772431104063,0.2623995808010862,0.0018678589919115,0.0018678589919116084
103708747870,0.00042,5.60017466141209e-05,0.2936706711848408,0.0008769414817303,0.0008769414817303335
367292494407,0.00042,0.0010817421976905,0.2828404952561233,0.0035194575604412,0.003519457560441198
106154574485,0.00042,0.0016315720984003,0.2671223935917522,0.0049540943766232,0.004954094376623273
35994014410,0.00042,0.0008519791567426,0.3063197823591137,0.0025880553389223,0.002588055338922352
206080093131,0.00042,0.0001424117514364,0.3081909206368837,0.0015734999220279,0.0015734999220279571
155840847453,0.00042,0.0005239207706359,0.2664723072161296,0.0018627453393387,0.0018627453393388217
551987771496911,0.00041,4.743805643896789e-05,0.2841150834767377,0.0009010009517552,0.0009010009517552768
67299922445,0.00041,0.0042817054990501,0.2788311546360072,0.0037482546227831,0.003748254622783158
231919626926856,0.00041,2.85315891165359e-05,0.2777401444951877,0.0006052048324377,0.0006052048324377491
129617873765147,0.00041,0.000370484680933,0.3028140281245126,0.0010124507541906,0.0010124507541906438
467499760010724,0.00041,2.548264966262672e-05,0.27325144095561,0.0003836962415968,0.0003836962415968166
71279079017,0.00041,0.0002027386388508,0.2937502950624386,0.0008011308015353,0.0008011308015352929
92021268117,0.00041,1.0371557116963191e-05,0.2707909549331467,0.0005450510941581,0.0005450510941581634
15418366158,0.0004,0.0023664684549991,0.3032087687756226,0.0044286817705362,0.004428681770536262
64639136366,0.0004,7.408898648101748e-05,0.2750753385253206,0.0005005147622335,0.0005005147622335552
164878620263509,0.0004,4.984205946123077e-05,0.29136989846769,0.0008209310575095,0.0008209310575095377
55375096989,0.0004,0.0001660738663974,0.3036045399177633,0.0008069264957337,0.0008069264957337938
116056801813862,0.0004,0.0004035544492601,0.2566754151664059,0.0014097141380787,0.0014097141380787332
238699792924076,0.0004,1.6964530382953382e-05,0.279622764036299,0.0006071248797232,0.0006071248797232994
88339957581,0.0004,0.0002079651010158,0.3006886449145909,0.0008530954450941,0.0008530954450941205
449072550051,0.00039,8.068232389504815e-06,0.2590625901247395,0.0001762853777667,0.0001762853777667384
124538510989702,0.00039,0.0026380441675003,0.2776970562697147,0.0028118378496106,0.0028118378496106
112325855474892,0.00039,1.8922479770875524e-05,0.2811964949592644,0.0006566425326952,0.0006566425326952544
182443691771352,0.00039,0.0003676132393742,0.2966628948614385,0.0013115888785729,0.0013115888785729885
44428318380,0.00039,0.0001112275611274,0.2923091106706268,0.0007823275630414,0.0007823275630413925
8860325749,0.00039,0.000112222535865,0.2858629437592716,0.0005723312427553,0.0005723312427553581
102607669823762,0.0003799999999999,9.026151669982465e-05,0.2769516912063182,0.0006007975387624,0.0006007975387624415
11643473298,0.0003799999999999,0.0006868746278395,0.2663912688332536,0.0025821465843948,0.0025821465843948455
210413314011,0.0003799999999999,0.000553155261266,0.287183009111755,0.001085630297504,0.0010856302975040047
197311240419563,0.00037,1.9636637453629683e-05,0.287509912941757,0.0005503993912277,0.0005503993912277697
300857333265155,0.00037,1.123878092790588e-05,0.2669457270603008,0.0004854648777292,0.0004854648777292042
100503403440061,0.00037,0.0001875156047493,0.2821388237344199,0.0007024424287042,0.0007024424287043095
103729003025453,0.00036,2.5577050356570683e-06,0.2559509496628137,0.0002432488283238,0.0002432488283239036
136314663191943,0.00036,0.0001136687908205,0.279706352890243,0.0005952858592468,0.00059528585924684
171964245890,0.00036,0.000503863877786,0.282978525500393,0.0009643161505337,0.0009643161505337622
415494541850521,0.00035,1.2751870190290157e-05,0.2694334691003585,0.0004640770372762,0.0004640770372762677
26382032216,0.0003399999999999,0.0001163559824452,0.2972948605318286,0.0008022239168029,0.0008022239168029655
64588666340,0.0003399999999999,6.041311150710507e-05,0.2882527155776694,0.0005052257876007,0.000505225787600773
59109969606,0.0003399999999999,7.937449184201563e-05,0.2673965156397921,0.0005138561313399,0.0005138561313399429
210357995667559,0.00033,0.0004627060937047,0.2884647841672249,0.0010490303646855,0.0010490303646855997
495539003867549,0.00033,1.1587285913775908e-05,0.2760862142693506,0.0004678587923767,0.0004678587923768228
124434790836,0.00033,7.655288926209238e-05,0.2936036529710882,0.0006453616169044,0.0006453616169044335
116757565026850,0.00033,0.0006655230473697,0.2566770154320939,0.0035405551783801,0.0035405551783801495
409080845829193,0.00033,0.0012944034034385,0.2552179045563017,0.0030308454366854,0.0030308454366854967
20114386235,0.00033,7.672149221986678e-05,0.2865852796687823,0.0005837578767504,0.0005837578767504602
221336024625241,0.00032,7.70747713643329e-06,0.266952650757115,0.000539656430478,0.0005396564304780242
343144130872,0.00032,0.0007191660978192,0.2723350205475062,0.0024646948345971,0.0024646948345971548
38925837299,0.00032,0.0001613563992996,0.2866571153055338,0.0005772287721288,0.0005772287721288871
295479040495545,0.00032,0.0001337296865913,0.3006337520856296,0.0010660114957985,0.0010660114957985558
101877489873438,0.00031,0.0001866302154588,0.2628871613166658,0.0013301457783296,0.0013301457783296254
262444655369,0.00031,2.1237179869658156e-05,0.2879825281197711,0.0005016086763166,0.0005016086763166737
46129589757,0.00031,8.199953823952181e-06,0.2582273892006863,0.0002561554320719,0.0002561554320719176
134176153323755,0.0003,1.821998073990884e-05,0.2675059744236671,0.0005813216552198,0.0005813216552198299
207966769402324,0.0003,2.0135329452634264e-05,0.2636785007268539,0.0003959702612604,0.0003959702612604632
103971336305218,0.0003,0.0016661486493517,0.2684881470771616,0.0039304689376219,0.003930468937621928
193062840830669,0.0003,6.748530896676421e-05,0.2645001058694482,0.0005084372525426,0.0005084372525426968
73881494481,0.0003,0.0007093682388048,0.2592828488396995,0.0022966065988655,0.002296606598865632
187432262698,0.0003,0.0007620518241608,0.2672437706948458,0.002307055330522,0.002307055330522025
127331977364992,0.0003,3.705995855643349e-05,0.2856328817587508,0.0006936912416855,0.0006936912416855834
8945512054,0.0003,6.515958729987356e-05,0.2790768683123369,0.0005194425755892,0.0005194425755892675
106036541224,0.0003,8.731684866666646e-05,0.2924066878703549,0.0006317415712674,0.0006317415712674699
136506519748694,0.00028,3.174381476162556e-05,0.2734510846674731,0.0005391009552948,0.0005391009552948614
355162344610121,0.00028,1.604012763517003e-05,0.2642047561454217,0.0003970947471824,0.0003970947471824557
199938786716036,0.00028,0.0006847460613014,0.2662568883245438,0.0020728057212497,0.002072805721249673
475763235822198,0.00028,0.000305616750794,0.3048341859054427,0.0009729040727025,0.0009729040727025519
45809529741,0.00028,0.000150014473354,0.2725008570125291,0.0006619737436238,0.0006619737436238765
146612062031906,0.00027,0.001396205219389,0.2737365365492467,0.0030517768596874,0.0030517768596874002
128015890542670,0.00027,0.0002037803629807,0.3016028030690673,0.000782804938845,0.0007828049388450443
196601040368145,0.00027,4.985528716996993e-05,0.2739952297139139,0.0005311937407462,0.0005311937407462613
122797691248638,0.00027,0.0002119216739685,0.2834051306975595,0.0015279467325973,0.0015279467325973706
133877811759,0.00026,0.0001330668920976,0.2735019496556361,0.0007822856954194,0.0007822856954194056
180360322047243,0.00026,3.498531427812849e-05,0.2632637170318829,0.0004162701971216,0.000416270197121598
113544412001601,0.00026,8.607964870930655e-06,0.2676068252601713,0.0003949120789647,0.00039491207896479323
126756847074,0.00026,2.3948840816574453e-06,0.2624330336009844,0.0001686882754192,0.0001686882754193066
113201214447,0.00025,1.2851973715873015e-05,0.2554269172061038,0.0003276560830462,0.000327656083046304
40397252103,0.00025,0.000147776839725,0.2840229608232933,0.0010054326667141,0.0010054326667141846
10674237167,0.00025,0.0004903508919646,0.2616624447690403,0.0018223341840048,0.0018223341840048453
211919680353,0.00024,5.844902108608778e-06,0.2620421689611417,0.0001919380967646,0.0001919380967646236
6130721655,0.00024,0.0001141378470054,0.2876505296349571,0.0007170232945979,0.0007170232945979078
516686618407950,0.00024,3.633566085435802e-06,0.2544544426408385,0.0002795392720075,0.0002795392720075381
147246951649,0.00024,1.523480572848146e-05,0.2597376004538544,0.0003975110619889,0.00039751106198896124
57639415551,0.00024,4.396973142212167e-05,0.2862664452878385,0.0003987578168755,0.00039875781687562705
206703882302,0.0002299999999999,0.000342766747045,0.2936916206515059,0.0007453352682383,0.000745335268238328
131043201847,0.0002299999999999,5.717936669603589e-05,0.2853517577497421,0.0005097481777219,0.0005097481777219812
36808884697,0.00022,0.0003463210175664,0.2965645931224292,0.0007893855999724,0.0007893855999725205
87445992218,0.00022,0.0001028035198847,0.2576278881797859,0.0002895916885231,0.0002895916885231895
120984578858,0.00022,0.0002859086599189,0.2438631957561502,0.0006417552640041,0.0006417552640041257
176495442402406,0.00022,7.63919220622971e-06,0.2537909328332193,0.00019476235157,0.00019476235157004179
218707647888,0.00022,1.6650567912778448e-05,0.2732097341137798,0.0003815221791951,0.0003815221791952206
689907071131476,0.00022,7.754320245025628e-05,0.2652789772107801,0.0003050391534992,0.0003050391534993375
107078819420141,0.00022,0.0002527891476074,0.2473650931377302,0.0016020050504655,0.0016020050504655361
257702340061,0.00021,6.545658930235563e-05,0.2437866620206981,0.0003888782327988,0.0003888782327988788
274793152585613,0.00021,0.0001558912138548,0.2504133827759586,0.0007725675845768,0.0007725675845768799
382548655176036,0.0002,0.0004619290732073,0.2612738704714842,0.0003077363453895,0.0003077363453895269
18343191100,0.0002,2.369585216204808e-05,0.2733276341414473,0.0003394832166021,0.0003394832166021875
100434040001314,0.0002,2.1042132704171016e-05,0.2623410589185696,0.0003364263894187,0.0003364263894187268
187516444593639,0.0002,4.684512847983376e-05,0.2696346343265717,0.0002326548918668,0.00023265489186688994
460197020720819,0.0002,0.000816068534796,0.2618888143631562,0.0021199889219306,0.002119988921930614
154018957983813,0.0001899999999999,0.0011711761591665,0.3003683537950266,0.0013960262791813,0.0013960262791813892
73563300980,0.0001899999999999,0.000281063155211,0.2964386057807441,0.0008048790050092,0.0008048790050092051
21768731041,0.00018,3.718408506587553e-06,0.2522128485628861,0.000214713300357,0.0002147133003569826
188269334547151,0.00018,0.000776585064668,0.2448566998560021,0.0007966253262329,0.0007966253262330005
76773076004,0.00018,2.3266322658805223e-05,0.2633580245750939,0.0002785380068281,0.0002785380068281906
131010790489,0.00018,0.0002782642475017,0.2825396289893416,0.0012405390934271,0.001240539093427148
5834919267,0.00018,6.407353075450294e-05,0.2794728093592765,0.0004799082290633,0.0004799082290633352
108684239179404,0.00018,4.704276919426363e-05,0.2627043159658005,0.0003297608702489,0.00032976087024891694
181961455147909,0.0001699999999999,5.305214297941372e-05,0.2605018221831646,0.0003482213161961,0.000348221316196128
23489729942,0.0001699999999999,0.0001526447395768,0.2499132750103251,0.001204193078793,0.0012041930787930345
197211981599,0.0001699999999999,0.0001037791467382,0.273168040001582,0.00055041265611,0.0005504126561100352
97464672662,0.00016,0.0011168968701153,0.2607195827250491,0.0018665705901021,0.0018665705901020771
161419311535,0.00016,2.6873064142799968e-06,0.2508191909342757,0.0001803964339771,0.00018039643397712847
144317282271701,0.00016,0.0009067896619564,0.2521680487600623,0.0010559631750928,0.0010559631750928827
6111063431,0.00016,2.279447314017412e-05,0.2743494469257243,0.0002664708327622,0.000266470832762272
220198801458577,0.00016,0.0003324074975392,0.2625619065547522,0.0011328482973951,0.0011328482973951607
33455892182,0.00016,5.313504631294592e-06,0.2539286827589853,0.0002431025960617,0.0002431025960617332
275873817350,0.00015,0.0001058784111106,0.2422189759264952,0.0009315677995905,0.0009315677995904983
159589220724202,0.00015,0.0003264374585361,0.2513275373451382,0.0011303601964526,0.0011303601964526703
161453087348302,0.00015,0.0013986010415069,0.2526183143090915,0.0023977370131669,0.002397737013166902
126339201288,0.00014,4.684834557080892e-05,0.2260445789374074,6.493775672191177e-05,6.493775672192528e-05
216940628328775,0.00014,0.0005270758750111,0.2509935116290769,0.0013418204609929,0.0013418204609929791
440522575997388,0.00013,0.0001989848831071,0.2548908226482773,0.0008418366756313,0.0008418366756313303
247174242966,0.00013,0.0001877797431734,0.2843112880984384,0.0005891806931253,0.0005891806931253837
390841474340132,0.00013,1.1918098128287985e-05,0.2482466088532096,0.0002281894592701,0.000228189459270121
172143546163601,0.00012,3.4363351510554594e-05,0.2849744977537555,0.0004090008087421,0.0004090008087421044
207116912648950,0.00012,0.0001574001581454,0.2353523767067026,0.0006652098482589,0.0006652098482589611
320772408017742,0.00012,2.971970128849581e-05,0.2616524668880802,0.0002866389539652,0.0002866389539653109
123061011213236,0.00012,0.0001593451226438,0.2727770979552465,0.0006449742659598,0.0006449742659598497
197843195004,0.00012,0.0001166420210655,0.2764718522662012,0.0003474291828145,0.00034742918281451993
138442296229429,0.00012,9.913073295011336e-06,0.2485283419933562,0.0001686244649174,0.000168624464917485
236123223432862,0.00012,9.64284239489264e-06,0.2564052566008166,0.0002092527657772,0.00020925276577722944
23903715309,0.00012,8.678366872193151e-06,0.2444496194226788,0.0001266629599753,0.00012666295997528366
340005092689907,0.00012,9.691936589199487e-06,0.2602761974916687,0.0002333091791669,0.00023330917916693504
562351880441856,0.00011,2.474798892378816e-05,0.27710268204909,0.0003618806071206,0.00036188060712065044
392195624197755,0.00011,4.117344001008093e-05,0.2596655191516745,0.0002443479944314,0.0002443479944314423
50236802693,0.00011,0.0001150614097079,0.2384052107044674,0.0003312389444294,0.0003312389444294259
239156129595309,0.00011,0.0004375133375529,0.2580315582468477,0.0006447108714156,0.0006447108714155898
13320939444,0.00011,1.3858620199464874e-05,0.2476537659746235,0.0001118590031363,0.00011185900313633161
282658238745234,0.0001,1.7258520920212552e-06,0.2317397335221168,6.704537129547915e-05,6.70453712954792e-05
104538106289197,0.0001,2.70477186167584e-05,0.2773266750559163,0.0002618920162651,0.0002618920162651778
102938906478343,0.0001,0.0002826944977283,0.2826890115372068,0.000714058747787,0.0007140587477870556
154672041747,0.0001,5.130095428442921e-06,0.2491856990254569,0.0001747174186477,0.00017471741864774604
128520090495170,9e-05,0.0030638914975969,0.232547373756208,0.0007665333279138,0.0007665333279138373
213937547649,9e-05,0.0002011345258321,0.2420310122411526,0.0009298347734697,0.000929834773469689
163121917034901,9e-05,2.372283828278001e-05,0.2501729598776075,0.0001418642609271,0.00014186426092713348
181893712536,9e-05,4.915349262206419e-06,0.2496329358436494,0.0001419495924621,0.0001419495924621455
472422969486331,9e-05,4.299235010247698e-06,0.2487911688682793,0.0001507981198011,0.0001507981198011599
49370991732,9e-05,0.0002010725296318,0.2619521347161968,0.0008339348600085,0.0008339348600085774
114352081949970,9e-05,2.682145599951557e-05,0.2551166881716881,0.0002751428202214,0.00027514282022148744
115919138428537,9e-05,6.120974642832311e-06,0.2701122786342672,0.000182948605201,0.00018294860520107136
53674651369,9e-05,0.0001573467581932,0.2548072118011321,0.0007346992966612,0.0007346992966612798
27088225427,8e-05,0.0001221651321035,0.2716934097672642,0.0003639174651269,0.00036391746512696765
245481491808,8e-05,0.0003624953955153,0.2437881056087972,0.0003245289832118,0.0003245289832118893
39846147446,8e-05,0.00017900791079,0.2445657899336065,0.0001187783821216,0.00011877838212169023
374111579728,8e-05,1.5532432770338615e-05,0.2620855408598401,0.0002596875920634,0.0002596875920634836
27111825438,7.000000000000001e-05,1.4804783272364642e-06,0.2481299069659169,0.0001247376977634,0.00012473769776349342
326439917486121,7.000000000000001e-05,6.72094434867202e-07,0.2398902119440881,7.137968987979948e-05,7.137968987977152e-05
302825219754295,7.000000000000001e-05,1.8756943720541667e-06,0.2456236414652664,0.0001495086949016,0.0001495086949016427
117272378049,7.000000000000001e-05,9.309156781874364e-05,0.2344503790043845,0.00041371630633,0.00041371630633007633
253683924759781,7.000000000000001e-05,7.997355723003225e-05,0.2402373686916344,0.0007059257828158,0.0007059257828158747
516676641828189,7.000000000000001e-05,4.094942804058125e-05,0.2333421461595791,0.0001527726263727,0.00015277262637275016
297176423632270,7.000000000000001e-05,3.1932703100192907e-05,0.2579814344672472,0.000258061258382,0.00025806125838207693
714016298647274,7.000000000000001e-05,5.4738864992381206e-05,0.252894527940062,0.0002389120116568,0.00023891201165683696
118072751537945,7.000000000000001e-05,2.220829532048568e-05,0.2311036166075204,0.0002953859577333,0.000295385957733426
320840064659503,6.0000000000000015e-05,9.470436069375432e-07,0.2374892963767218,7.040323814900927e-05,7.040323814901315e-05
168879986499653,6.0000000000000015e-05,1.8405206028227197e-06,0.2332350699721466,6.379378408688123e-05,6.379378408690569e-05
122044727596,6.0000000000000015e-05,3.803724994364876e-07,0.216002949806732,1.4890274936336846e-05,1.4890274936305193e-05
599617463415786,6.0000000000000015e-05,6.64750342238541e-05,0.2450505383974836,0.0007309209835471,0.0007309209835471288
171054229642299,6.0000000000000015e-05,4.179580088546657e-07,0.213900957953455,1.7846031782959004e-05,1.784603178298536e-05
78773900525,6.0000000000000015e-05,4.773359644664742e-05,0.2690724788080142,0.0003067338271242,0.0003067338271242495
201361186563476,6.0000000000000015e-05,4.775924332873552e-06,0.2418703355397949,0.0001170507006969,0.00011705070069691675
144868455552699,6.0000000000000015e-05,0.0009406974522831,0.2444365571461811,0.0011428001802204,0.0011428001802204952
119049414803510,5e-05,9.14120315905994e-05,0.2305238922616483,0.0005982628396254,0.0005982628396254125
103523196350872,5e-05,9.282520188488342e-07,0.2361827295575984,9.582760706782728e-05,9.582760706783647e-05
354263831266028,5e-05,4.06485805261766e-06,0.2466227066827913,9.761477843950836e-05,9.761477843951434e-05
396523657071573,5e-05,0.0010539487052307,0.2457658692053525,0.0009347712604654,0.0009347712604654004
83040292558,5e-05,2.508493456060611e-05,0.2352111923074064,9.836269669719773e-05,9.836269669722513e-05
963333907038551,4e-05,2.763509975979429e-06,0.2112134856453704,2.093732674861752e-05,2.0937326748585196e-05
50513265848,4e-05,0.0007579154668151,0.2431330340885925,0.0009203019472465,0.0009203019472465828
116849198376359,4e-05,1.5453476306670682e-07,0.2211654515791792,2.2629905324479408e-05,2.2629905324507198e-05
230537773698519,4e-05,2.2133126037955933e-07,0.2294395968977238,4.781539585028104e-05,4.7815395850268236e-05
9583477694,3.0000000000000008e-05,1.3263263424346301e-07,0.2098259168324593,8.14538366257949e-06,8.14538366256226e-06
173347701125,0.0,-8.747813102921903e-18,0.0,2.3688667630003698e-18,1.0134937415931572e-17
6593503709,0.0,-5.9583790967908e-19,0.0,2.4046074899238216e-17,2.090023370583795e-17
238182898451,0.0,-5.237447057114786e-19,0.0,1.803520119777157e-17,2.409158009153336e-17
388117401328419,0.0,-3.7395923232491794e-18,0.0,3.3876699206000873e-18,8.542325142294724e-18
207770190801,0.0,-2.131012235210978e-18,0.0,9.272795777059241e-18,1.1165556484332303e-17
753542244699109,0.0,1.6365475535189606e-17,0.0,1.8513012445510056e-17,9.484462805117131e-20
362232687500262,0.0,1.962537162364774e-17,0.0,1.98712975466208e-18,6.979326327097422e-18
1595723550651430,0.0,3.67847777910128e-18,0.0,6.938893903907228e-18,3.474155162795025e-17
534770146604344,0.0,3.501879452300422e-18,0.0,9.877734802197722e-18,5.996661004196902e-18
131507887215985,0.0,1.0419831614781425e-17,0.0,2.6718977862181667e-17,2.1624942863945315e-19
6683731553,0.0,6.8728955179799424e-18,0.0,1.4209336510115497e-17,2.0149211341962124e-17
190450387631723,0.0,6.001667891884815e-18,0.0,1.4146529368057428e-17,2.6866335218942024e-17
